text,entity,type
推送我几篇直肠癌的文章,文章,recommend
介绍我几篇文章，关于治疗感冒的,文章,recommend
看一些能慢性肺炎的治疗文章,文章,recommend
给我一些关于感冒的文章,文章,recommend
想要一些治疗癌症的文章,文章,recommend
推荐我几篇养生的文章,文章,recommend
如果我想要养生，应该看哪些文章？,文章,recommend
如果我是呼吸困难，那么我看什么文章比较好啊？,文章,recommend
如果我想要治疗大便出血，应该看哪些文章？推荐我几篇。,文章,recommend
想看看关于子宫肌瘤的文章？,文章,recommend
可以推荐我几个比较好的文章吗？,文章,recommend
我乏力虚寒，哪个文章能治好这个病？,文章,recommend
推送我几篇直肠癌的推文,推文,recommend
介绍我几篇推文，关于治疗感冒的,推文,recommend
看一些能慢性肺炎的治疗推文,推文,recommend
给我一些关于感冒的推文,推文,recommend
想要一些治疗癌症的推文,推文,recommend
推荐我几篇养生的推文,推文,recommend
如果我想要养生，应该看哪些推文？,推文,recommend
如果我是呼吸困难，那么我看什么推文比较好啊？,推文,recommend
如果我想要治疗大便出血，应该看哪些推文？推荐我几篇。,推文,recommend
想看看关于子宫肌瘤的推文？,推文,recommend
可以推荐我几个比较好的推文吗？,推文,recommend
我乏力虚寒，哪个推文能治好这个病？,推文,recommend
推送我几篇直肠癌的指南,指南,recommend
介绍我几篇指南，关于治疗感冒的,指南,recommend
看一些能慢性肺炎的治疗指南,指南,recommend
给我一些关于感冒的指南,指南,recommend
想要一些治疗癌症的指南,指南,recommend
推荐我几篇养生的指南,指南,recommend
如果我想要养生，应该看哪些指南？,指南,recommend
如果我是呼吸困难，那么我看什么指南比较好啊？,指南,recommend
如果我想要治疗大便出血，应该看哪些指南？推荐我几篇。,指南,recommend
想看看关于子宫肌瘤的指南？,指南,recommend
可以推荐我几个比较好的指南吗？,指南,recommend
我乏力虚寒，哪个指南能治好这个病？,指南,recommend
推送我几篇直肠癌的博客,博客,recommend
介绍我几篇博客，关于治疗感冒的,博客,recommend
看一些能慢性肺炎的治疗博客,博客,recommend
给我一些关于感冒的博客,博客,recommend
想要一些治疗癌症的博客,博客,recommend
推荐我几篇养生的博客,博客,recommend
如果我想要养生，应该看哪些博客？,博客,recommend
如果我是呼吸困难，那么我看什么博客比较好啊？,博客,recommend
如果我想要治疗大便出血，应该看哪些博客？推荐我几篇。,博客,recommend
想看看关于子宫肌瘤的博客？,博客,recommend
可以推荐我几个比较好的博客吗？,博客,recommend
我乏力虚寒，哪个博客能治好这个病？,博客,recommend
推送我几篇直肠癌的动态,动态,recommend
介绍我几篇动态，关于治疗感冒的,动态,recommend
看一些能慢性肺炎的治疗动态,动态,recommend
给我一些关于感冒的动态,动态,recommend
想要一些治疗癌症的动态,动态,recommend
推荐我几篇养生的动态,动态,recommend
如果我想要养生，应该看哪些动态？,动态,recommend
如果我是呼吸困难，那么我看什么动态比较好啊？,动态,recommend
如果我想要治疗大便出血，应该看哪些动态？推荐我几篇。,动态,recommend
想看看关于子宫肌瘤的动态？,动态,recommend
可以推荐我几个比较好的动态吗？,动态,recommend
我乏力虚寒，哪个动态能治好这个病？,动态,recommend
推送我几篇直肠癌的资讯,资讯,recommend
介绍我几篇资讯，关于治疗感冒的,资讯,recommend
看一些能慢性肺炎的治疗资讯,资讯,recommend
给我一些关于感冒的资讯,资讯,recommend
想要一些治疗癌症的资讯,资讯,recommend
推荐我几篇养生的资讯,资讯,recommend
如果我想要养生，应该看哪些资讯？,资讯,recommend
如果我是呼吸困难，那么我看什么资讯比较好啊？,资讯,recommend
如果我想要治疗大便出血，应该看哪些资讯？推荐我几篇。,资讯,recommend
想看看关于子宫肌瘤的资讯？,资讯,recommend
可以推荐我几个比较好的资讯吗？,资讯,recommend
我乏力虚寒，哪个资讯能治好这个病？,资讯,recommend
推送我几篇直肠癌的文献,文献,recommend
介绍我几篇文献，关于治疗感冒的,文献,recommend
看一些能慢性肺炎的治疗文献,文献,recommend
给我一些关于感冒的文献,文献,recommend
想要一些治疗癌症的文献,文献,recommend
推荐我几篇养生的文献,文献,recommend
如果我想要养生，应该看哪些文献？,文献,recommend
如果我是呼吸困难，那么我看什么文献比较好啊？,文献,recommend
如果我想要治疗大便出血，应该看哪些文献？推荐我几篇。,文献,recommend
想看看关于子宫肌瘤的文献？,文献,recommend
可以推荐我几个比较好的文献吗？,文献,recommend
我乏力虚寒，哪个文献能治好这个病？,文献,recommend
推送我几篇直肠癌的帖子,帖子,recommend
介绍我几篇帖子，关于治疗感冒的,帖子,recommend
看一些能慢性肺炎的治疗帖子,帖子,recommend
给我一些关于感冒的帖子,帖子,recommend
想要一些治疗癌症的帖子,帖子,recommend
推荐我几篇养生的帖子,帖子,recommend
如果我想要养生，应该看哪些帖子？,帖子,recommend
如果我是呼吸困难，那么我看什么帖子比较好啊？,帖子,recommend
如果我想要治疗大便出血，应该看哪些帖子？推荐我几篇。,帖子,recommend
想看看关于子宫肌瘤的帖子？,帖子,recommend
可以推荐我几个比较好的帖子吗？,帖子,recommend
我乏力虚寒，哪个帖子能治好这个病？,帖子,recommend
推送我几篇直肠癌的新闻,新闻,recommend
介绍我几篇新闻，关于治疗感冒的,新闻,recommend
看一些能慢性肺炎的治疗新闻,新闻,recommend
给我一些关于感冒的新闻,新闻,recommend
想要一些治疗癌症的新闻,新闻,recommend
推荐我几篇养生的新闻,新闻,recommend
如果我想要养生，应该看哪些新闻？,新闻,recommend
如果我是呼吸困难，那么我看什么新闻比较好啊？,新闻,recommend
如果我想要治疗大便出血，应该看哪些新闻？推荐我几篇。,新闻,recommend
想看看关于子宫肌瘤的新闻？,新闻,recommend
可以推荐我几个比较好的新闻吗？,新闻,recommend
我乏力虚寒，哪个新闻能治好这个病？,新闻,recommend
推送我几个直肠癌的医生,医生,recommend
介绍我几个医生，关于治疗感冒的,医生,recommend
看些能慢性肺炎的治疗医生,医生,recommend
给我一些关于感冒的医生,医生,recommend
想要一些治疗癌症的医生,医生,recommend
推荐我几篇养生的医生,医生,recommend
如果我想要养生，应该看哪些医生？,医生,recommend
如果我是呼吸困难，那么我看什么医生比较好啊？,医生,recommend
如果我想要治疗大便出血，应该看哪位医生？推荐我几篇。,医生,recommend
想看关于子宫肌瘤的医生？,医生,recommend
可以推荐我几个比较好的医生吗？,医生,recommend
我乏力虚寒，哪个医生能治好这个病？,医生,recommend
推送我几个直肠癌的大夫,大夫,recommend
介绍我几个大夫，关于治疗感冒的,大夫,recommend
看些能慢性肺炎的治疗大夫,大夫,recommend
给我一些关于感冒的大夫,大夫,recommend
想要一些治疗癌症的大夫,大夫,recommend
推荐我几篇养生的大夫,大夫,recommend
如果我想要养生，应该看哪些大夫？,大夫,recommend
如果我是呼吸困难，那么我看什么大夫比较好啊？,大夫,recommend
如果我想要治疗大便出血，应该看哪位大夫？推荐我几篇。,大夫,recommend
想看关于子宫肌瘤的大夫？,大夫,recommend
可以推荐我几个比较好的大夫吗？,大夫,recommend
我乏力虚寒，哪个大夫能治好这个病？,大夫,recommend
推送我几个直肠癌的科室,科室,recommend
介绍我几个科室，关于治疗感冒的,科室,recommend
看些能慢性肺炎的治疗科室,科室,recommend
给我一些关于感冒的科室,科室,recommend
想要一些治疗癌症的科室,科室,recommend
推荐我几篇养生的科室,科室,recommend
如果我想要养生，应该看哪些科室？,科室,recommend
如果我是呼吸困难，那么我看什么科室比较好啊？,科室,recommend
如果我想要治疗大便出血，应该看哪位科室？推荐我几篇。,科室,recommend
想看关于子宫肌瘤的科室？,科室,recommend
可以推荐我几个比较好的科室吗？,科室,recommend
我乏力虚寒，哪个科室能治好这个病？,科室,recommend
推送我几个直肠癌的部门,部门,recommend
介绍我几个部门，关于治疗感冒的,部门,recommend
看些能慢性肺炎的治疗部门,部门,recommend
给我一些关于感冒的部门,部门,recommend
想要一些治疗癌症的部门,部门,recommend
推荐我几篇养生的部门,部门,recommend
如果我想要养生，应该看哪些部门？,部门,recommend
如果我是呼吸困难，那么我看什么部门比较好啊？,部门,recommend
如果我想要治疗大便出血，应该看哪位部门？推荐我几篇。,部门,recommend
想看关于子宫肌瘤的部门？,部门,recommend
可以推荐我几个比较好的部门吗？,部门,recommend
我乏力虚寒，哪个部门能治好这个病？,部门,recommend