text,label_class,label
你好，请问，彼迈乐盐酸舍曲林片上海哪里有卖的呢？谢谢。,yes,0
我的舌头大而厚，有很深的齿印，说话有时舌头发沉，吐字不太清，这是怎么回事？,yes,0
四岁小孩一动就满头大汗，四岁女童，无论什么天气，一动就是满头大汗！易感冒！咳嗽，喘！,yes,0
我今年43岁了，我这段时间感觉身体有些难受，就到医院检查了一下，检查结果是患上了间质性肺炎，请问间质性肺炎怎么引起的？,yes,0
请教一下如何理解小汗腺痣是啥？,yes,0
癔症性眩晕步态是什么病？,yes,0
胸闷气短痰多易感冒，呼吸困难,yes,0
肛门口长了红色小肿块，疼痛，是不是痔疮吗？怎么治疗？,yes,0
这个月老公吃了15天的阿斯美复方甲氧那明胶囊，那这个月我们可以要宝宝吗？,yes,0
产妇肛裂怎么办,yes,0
还能治其他哪些病呢？医生该用什么药呢，我想快一点好起来。,yes,0
前段时间小便时有点刺痛还有点尿频尿急还有点想吐。而且月经也提前来了是怎么了？,yes,0
您好鱼油和鱼肝油可以同时服用吗,yes,0
先天后脑血管凯细脑供血不足血压高头有时候不舒服,yes,0
问一下心包胸腺瘤是否会传染？,yes,0
血压低可以服用丹参保心茶,yes,0
宝宝吐奶带血正常吗,yes,0
你好，我想咨询一下，心梗，未装支架，请问可以服用波立维吗？服用多长时间合适？,yes,0
少女月经腹痛该怎么办,yes,0
心脏病患者吃了一颗多潘立酮片怎么办,yes,0
什么是过敏性哮喘，得了过敏性哮喘怎么办？,yes,0
怀孕晚期失眠严重该怎么办好啊，我现在这样的情况有什么好的办法可以改善呀？,yes,0
手足徐动症的症状表现是什么,yes,0
请问外阴及腹股沟部位特别痒颜色深二者有无关系？,yes,0
冷水洗肛门对治愈痔疮效果好吗？有什么医学依据？,yes,0
如何预防扩张型心肌病？,yes,0
肾结石吃什么药效果好？,yes,0
宝宝拉肚子便便里有血丝,yes,0
脑疝偏瘫能恢复什么程度,yes,0
有慢支肺气肿的患者，服用强力健身胶囊会不会有副作用？可以吃多久？,yes,0
怀孕19周，有过三次头晕眼花心悸气短，要晕倒，这是怎么回事？,yes,0
强迫症太严重没法生活怎么办,yes,0
平时生活中会有一些的轻微的手脚麻木的现象出现，所以想抗栓再造丸试试？,yes,0
脑性瘫痪综合征可以怎么诊断,yes,0
你好，我想买骨松宝胶囊治疗骨质疏松，请问，此药在宁波奉化哪里能买的到呢？,yes,0
无痛人流也是刮宫吗？,yes,0
2个月的女宝宝吐奶,yes,0
请问月经还没来是怎么回事呀？,yes,0
请教一下喉外伤要做什么化验治疗吗,yes,0
发烧后肌肉酸痛关节疼痛咳嗽流鼻涕怎么办,yes,0
2岁4个月小孩不怎么吃饭咋办呢,yes,0
41天的宝宝下嘴唇发抖是什么原因引起的呢？有什么办法可以治好吗？,yes,0
颈肋综合征如何体检？,yes,0
每晚睡觉大脑都会想事，都是半睡半醒状态心理有点紧替感觉,yes,0
扩张型心肌病患者不能吃什么？,yes,0
孕期如何预防胎儿先天性心脏病？,yes,0
上个月被确诊得了房颤，最近在医院接受治疗，但一直觉得没有效果，治疗房颤的方法有哪些？,yes,0
您好，我是在咱们医院看过病的，上次过去没有床位，也不懂预约，现在想住院，怎么办、内蒙古婴儿背上有个血管瘤怎么治？,yes,0
遗尿症（尿床）有何症状？,yes,0
大夫：您好！我这几天颈部不舒服，头向左边转就好像有一根筋会痛，痛到脑部。不知什么原因？,yes,0
最近在服用复方牛胎肝提取物片有哪些注意事项呢？,yes,0
右侧椎动脉远端狭窄是什么意思呢,yes,0
急性心肌梗死患者康复后应注意什么?,yes,0
侧脑室后角宽度為11.6mm医生有什么办法可以治疗？,yes,0
我想请问一下，女性尿频尿急尿不尽腰痛,yes,0
经常喝酒应酬，喜欢吃一些辛辣的东西，导致得了痔疮，但痔疮相对比较轻微一些，想要趁早给根治好，应如何治疗？,yes,0
慢性支气管炎的症状有什么,yes,0
请问白带呈白色但有乳白色物怎么办？,yes,0
小儿急性胰腺炎如何体检？,yes,0
风湿性心脏病瓣膜关闭不严,yes,0
你好，请问膀胱炎吃什么药好？什么药见效比较快点,yes,0
你好，请问一下，尿路感染了该怎么治疗？,yes,0
腺病毒性肠炎要花多少时间治好,yes,0
咨询一下，打开附桂骨痛颗粒外观包装能知道药品的真假吗？,yes,0
病毒性脑炎怎么办,yes,0
可以用什么药呢，前列腺病对我的身体会不会有影响？,yes,0
请问结肠癌现在还能救吗,yes,0
小儿脊髓肿瘤要做哪些检查,yes,0
早上不吃饭行吗,yes,0
小儿癫痫发作诱发失语综合征的病因是什么,yes,0
您好汗孔周围炎及多发性汗腺脓肿要治几多时间,yes,0
请问我家2岁小孩误食了硝苯地平缓释片，会有什么后果医生该怎么办啊？有什么解决方法？,yes,0
慢性支气管炎的症状有哪些？,yes,0
父亲糖尿病，要注意什么现在都不敢乱吃药了怎么办才好呢可以服用什么,yes,0
你好医生，我妈是转移淋巴结，然后做pet-ct查出来是鼻咽癌，这个病的治疗率有多少？,yes,0
补肺活血胶囊除了可以治疗肺气肿之外，还可以治疗什么病症，有什么作用呢？,yes,0
脑血栓病人多在什么时候发病,yes,0
月经40多天来一次，想怀孕吃定坤丹管用不,yes,0
直肠癌中期化疗后便秘怎么办？,yes,0
小儿癫痫的限局性发作有什么表现？,yes,0
为什么感觉早搏，心电图检查却正常？需要做那些检查？,yes,0
"17岁，阴茎短小，腹部肥胖，减肥后，会不会增粗?",yes,0
你好，麻烦问一下小儿预激综合征多大几率能治好,yes,0
请问好我想请问想宫颈糜烂三度会引起痛经怎么办？,yes,0
肾性脑病要做哪些检查,yes,0
正常胎儿后颅窝池宽吗？有谁懂的来说下。这个对宝宝智力会有影响吗？,yes,0
老年人便秘的病因是什么,yes,0
使用鹿胎膏需要在服用期间禁服什么食品？应该怎么办才好呢？,yes,0
肾积水肾结石有那些药,yes,0
吃什么药能使肚子变大呢,yes,0
最近感觉心悸，去医院检查，体检报告出来时我的心慌了，是窦性心动过缓，我想问一下窦性心动过缓的原因是什么呢？,yes,0
最近两个月一直都会出现咳嗽，恶心的情况，有时候晚上都会给咳醒来，去检查发现是间质性肺炎，想问下间质性肺炎能治好吗？,yes,0
老是晚上睡觉的时候腿抽筋特别厉害，姐妹们指点我，孕妇吃什么钙片？,yes,0
频发室性早搏是严重的病吗？吃益气复脉胶囊可以治愈吗？,yes,0
请教一下淋巴结-胆道综合征可以挂什么科,yes,0
鼻子痒痒的想打喷嚏流鼻涕,yes,0
您好能否告知进行性脂肪营养不良定义的意思,yes,0
碘酒可不可以擦到接近眼睛处,yes,0
每晚都没有睡意失眠是什么原因？进入孕晚期，每天晚上都失眠，到两三点才有睡意，怎么办？,yes,0
便血伴有腹部疼痛请问是痔疮还是肠粘膜出血？以前偶尔也有便血情况但最近两天每天都有～还有就是去检查应该挂哪个科,yes,0
颅内转移瘤怎么回事,yes,0
爷爷他得了肺癌晚期,yes,0
医生，你好！请问尖锐湿疣有哪些症状？能治好好吗？,yes,0
脊髓压迫症要做哪些检查,yes,0
你好，我想买一正藤黄健骨丸治疗颈椎病，请问，此药的厂家是哪里呢？其价格贵吗？,yes,0
更年期有什么症状:不知该用么法啊！服用什么药物呢？多久可以恢复健康呢？,yes,0
吃流产药第三天出心还气喘不过来是正常的吗？,yes,0
我该咋样躲避卵巢卵黄囊瘤,yes,0
请问老年人正常压力脑积水症状表现是什么,yes,0
医生你好，请问肾结石该吃什么药呢，什么药效果好呢,yes,0
感冒引起的咳嗽一直不好时间已经一个多月了现在早晚都会咳嗽咳嗽起来感觉肺疼是怎么回事,yes,0
我的手指头非常的痛，能不能用些红花油啊？,yes,0
肚子微痛正常吗？,yes,0
你好，我的腹部出现白癜风了，不久前才发现的，皮肤有的地方发白，而且掉皮，吃了很多药了，到现在也没感觉好起来。,yes,0
先是感冒，然后头痛，感冒好了还头痛，有高血压，CT显示无明显异常,yes,0
儿童便秘怎么调理儿童便秘怎么调理,yes,0
朋友给买了几盒还少丹，吃后效果不错，想了解一下还少丹哪有卖呀？,yes,0
请问月经来完半个月后又来是怎么回事？,yes,0
缺血性视盘病变完全治愈要多久,yes,0
你好，我想问下艾滋检测抗体在一年半左右准确吗？得甲亢影响结果吗？有阴滋病吗？谢谢,yes,0
请问得了小儿哮喘性肌萎缩综合征是否会传染？,yes,0
如何做避开胸锁关节脱位,yes,0
颅骨缺损综合征怎么办,yes,0
单侧肺气肿是什么病,yes,0
甲功五项唯抗甲状线过氧化炀酶抗体i高，357.2问题严重吗,yes,0
怀孕三十五周的准妈妈腰疼晚上睡觉失眠多梦，是这个时候的准妈妈都这样吗？,yes,0
快两个月没来月经了，最近一直头有点痛，得了甲亢，一直在吃药，喝当归口服液有用吗？,yes,0
肾盂和输尿管癌早期有哪些症状？,yes,0
打了三天吊瓶，今天尿检医生说正常了,yes,0
肛瘘手术后怎么还有液体,yes,0
你好，麻烦问一下解释一下皮肤软骨瘤解释,yes,0
尿路感染要怎么治疗?,yes,0
出血性直肠炎，溃疡性如何治疗？在饮食方面有需要注意的吗？,yes,0
小孩心率不齐严重吗？,yes,0
能否介绍一下夏季皮炎解释,yes,0
请问子宫切除后腹痛怎么办？,yes,0
请问下身有种胀的感觉正常的吗？,yes,0
为什么我胸部有很硬的东西,yes,0
午睡心悸心慌怎么回事,yes,0
请问得了淋菌性结膜炎要做什么化验治疗吗,yes,0
腰后臀部上方两侧疼怎样缓解好啊？怀孕8个月时候，怎样调理好啊？,yes,0
您好！我想问一下塞来昔布胶囊的副作用会不会很明显？对治疗椎间盘突出有没有效果还是只是能止痛？,yes,0
新生婴儿腹泻拉肚子该如何治疗？,yes,0
心悸与失眠怎么办,yes,0
阴茎短小勃起不坚怎么办？,yes,0
一个月前肛门长了两个小肉粒，现在数量增多，质地较硬，不痛不痒的，请问是不是尖锐湿疣呢?,yes,0
心绞痛能吃酒酿吗,yes,0
引起乳腺癌的危险因素是什么,yes,0
九个月宝宝吐奶,yes,0
有了第一次后，白带异常增多，稀薄发黄，体液增多。只有一次出现了外阴瘙痒，这是什么病，用什么药呢,yes,0
11月做人流，12月月经少，这个月月经没来是怎么回事？,yes,0
您好肱骨外上髁炎的治疗周期,yes,0
请问下，我一直感觉尿频，昨天开始感觉有尿意，可是又尿不出来，这是哪出了什么问题啊？可以吃什么药吗？,yes,0
孕妇失眠多梦是什么原因啊，好像也没有太大的压力啊，那该怎么办呢？,yes,0
一个多月宝宝肌张力高好不好呢？感觉宝宝以后肯定是很好动的，现在老是手舞足蹈的。,yes,0
最近太阳穴左脑像缺氧一样，走路也觉得晕，是脑动脉供血不足应该怎么治疗,yes,0
每天早上起来都嗓子疼而且嗓子里还有谈谈里还有雪擦鼻涕鼻涕里面也有雪是怎么回事,yes,0
你好!感冒，:到小诊所打点滴后，呕吐，昏迷，送医院上氧气抢救后检出造血功能不正常。以前身体一直很好，,yes,0
左侧胸部一直痛是心绞痛吗,yes,0
请问糜烂性胃炎加上食管炎、幽..,yes,0
痔疮手术需要住院吗？手术后需要休息多久？,yes,0
腰部脊椎两边肌肉痛是怎么了？怀孕6个月多了，感觉腰部脊椎两边疼痛不舒服。,yes,0
请问两岁半宝宝特别叛逆是有多动症的表现吗？怎么办啊？需要注意什么呢？,yes,0
请问药流后有血是月经吗？,yes,0
先天性巨结肠手术10年了，现肛门不大如何治疗？,yes,0
南充看便秘专科医院，便秘由什么引起的?,yes,0
今年18岁有尿不尽的感觉,yes,0
请问氢溴酸西酞普兰片可否和联邦克立停一起使用呢,yes,0
心绞痛连续发作怎么办,yes,0
大便痛，出血，得了痔疮。应该怎么办？为什么男人会得痔疮？得痔疮的原因是什么？,yes,0
颅内转移瘤易发人群有哪些,yes,0
间质性肺炎是什么症状,yes,0
拉肚子，像水一样，小便少，肚子老响，一天拉8。9次，其余正常，,yes,0
我是hpv43、81低危，怎么办，我不知道是不是长出尖锐湿疣了,yes,0
被诊断出是过敏性哮喘，过敏性哮喘能治好吗,yes,0
变异性哮喘吃什么水果好,yes,0
你好，麻烦问一下卵巢早衰需要做什么检查,yes,0
胎粪吸入综合征有什么一并发生,yes,0
问一下小儿肥胖通气不良综合征病症是啥,yes,0
怀孕十一周糖尿病地特胰岛素晚饭后14诺和锐12这种情况可能自然分娩嘛产后能母乳喂养吗,yes,0
我今年15岁最近老是要很用力深呼吸才缓得过来，然后用力呼吸感觉胸口很酸。,yes,0
去年查出HPV值高，主要是做TCT有问题，老是有炎症，有时有异味。一直治疗效果不好，值一直就没下来，最底是19。自从听到这个消息之后，我当时心情有那么一段时间非常的低落啊，不知道怎么办。请问hpv值高怎么治疗？请问男性HPV病毒多久能自愈,yes,0
慢阻肺会反复发作吗？,yes,0
三七脂肝丸可以治疗高血脂吗？还会不会留下什么后遗症啊？,yes,0
小便自控力差，尤其在经过有水流动声响时常憋不住。但很少起夜。不知是否前列腺肥大？若施用何药最好？请专家推荐。谢谢！,yes,0
请问白带中带有大量脓似的的液体？,yes,0
孕晚期，准备预产期，得了痔疮，大便出血，疼，怎么办？,yes,0
吃了多元维生素（女士）会后，月经推迟，是不是引起了内分泌失调。,yes,0
睡完觉起来中间有一坨。两边就扁下去，只有洗完头才能恢复正常。,yes,0
你好医生，我血糖六点三四，心脏不好，跳得快，能吃稳心颗粒吗？,yes,0
左胸内疼痛使用这个药会不会有什么事情？应该怎么服用此药呢？,yes,0
问一下壶腹周围癌化验什么啊,yes,0
心绞痛做冠脉ct管用吗,yes,0
什么心脏病心悸,yes,0
打扰问一下桡骨茎突部狭窄性腱鞘炎如何体检？,yes,0
本来就只有一点咳嗽，然后刚才吃了罐装花生牛奶，后面回来哭着回来的，就一直咳嗽，怎么回事,yes,0
医生，我今天感觉睡着就好，不能起来走动，走动就心跳历害，呼吸困难，这是怎么啦,yes,0
你好，我想请问一下安宫牛黄丸哪里有卖。急急急。谢谢,yes,0
医生，你好！请问尖锐湿疣有哪些症状？能治好好吗？,yes,0
早上起来总是咳嗽，都有一两个月了，是不是慢性支气管炎啊?,yes,0
请问晚上睡觉多梦起夜多是怎么回事啊？会不会影响到肚子里的孩子啊？需要注意什么呢？,yes,0
听神经鞘瘤通过什么检查可以诊断,yes,0
：你好，我想问下，龙血竭胶囊能不能用于心脏病，气管炎患者能吃吗？,yes,0
问一下单纯性脊柱结核症状,yes,0
输卵管癌会遗传吗,yes,0
请问山雄万通筋骨片效果怎么样呢？多长时间能起作用呢？,yes,0
心肌梗死患者不能吃什么？,yes,0
白癜风出现后会不会传染？白斑主要在手面上出现，斑点面积不大，没有疼痛感,yes,0
肛门下坠是怎么回事,yes,0
你好，我是两个月婴儿的妈妈，三天前确诊得了甲炎，当地医生让不吃药，定期复查，但现在疼痛严重了，请问有没有什么治疗方法,yes,0
早搏占30用稳心颗粒，我的病情需要怎样调理才会好。,yes,0
变异性哮喘的病因是什么?,yes,0
请问：无糖型黄芪颗粒上标注：糖尿病禁用，是问什么呢？既然无糖无什么又不能糖尿病人使用,yes,0
请问每次来月经前胸部都会胀痛怎么回事？,yes,0
这个我也不确定是不是尖锐湿疣，我男朋友说是，治疗的话要花多少钱啊,yes,0
乙状结肠和直肠炎充血水肿，求好的治疗方子,yes,0
阳痿早泄如何治疗？,yes,0
二尖瓣狭窄有传染性吗,yes,0
拉肚子，一天上5、6遍，不成形，怎么做直肠镜检查？检查是有需要注意的吗？,yes,0
我想问一下尿分叉是什么原因引起的，应该怎么治疗好？,yes,0
强迫症和手淫有关系吗,yes,0
月经很长，后面量少，上厕所纸巾上都会有浓黑状的东西，看着恶心,yes,0
肛门痒，一直肿疼，检查为内痔，如何治疗？,yes,0
三个半月拉肚子,yes,0
我想请问一下，一年以上尿频日間晚上都想尿尿，不知道为什么？,yes,0
之前洗澡发现大阴唇长了一个黄豆大小的包不痛不痒，然后我感觉周围好像有一些细小颗粒我是不是得了尖锐湿疣啊?,yes,0
膝盖往下不敢吃是怎么回事,yes,0
出生几天查出先天性心脏病，到了1个月，查出先天性心病，永存动脉干3型，内膜缺损，能手术吗,yes,0
每次性生活以后都会有尿频老感觉尿涨有那么点尿痛的感觉每回都要吃要才能缓解，要不然一直持续下去很是苦恼是何病因怎么办才好呢,yes,0
小儿坏死性龈口炎检查什么,yes,0
支气管炎这种病真的很严重吗,yes,0
怎么我没看到的？不会吧，那就是在一般的药房是不能开的？,yes,0
视神经撕脱需要做什么检查,yes,0
请问月经正常可是结婚半年多了还没有孩子咋办？,yes,0
不管冬夏只要开窗户睡觉早上就会打喷嚏流鼻涕是怎么回事,yes,0
你好我吃奥沙西泮片2粒也才能睡4个小时抑郁焦虑如何改善,yes,0
您好：天气热或稍作运动，体温会升到38度左右，入院检查右肺少许间质性改变且尿隐血3十，请问我是什么问题？,yes,0
服用脊灰糖丸后，吐奶吐得厉害是怎么回事？,yes,0
怀孕三周，有出血，肚子疼类似姨妈疼，流出血块后就不疼了，是流产了吗,yes,0
身上味道让人打喷嚏咳嗽吐痰，呼吸急促,yes,0
尿道感染是怎样引起的，,yes,0
请问孩子脑发育不全是脑瘫吗？需要怎么样治疗才好啊？需要注意什么呢？,yes,0
男。26岁坐着躺着没事。一活动就恶心肚子不舒服,yes,0
今年5月我患亚甲炎，服药一个，多月，吃完一瓶强的松，感觉好了超显示也，没结节了所以就停药了。请得到帮助,yes,0
颈部脊髓损伤有什么危害？,yes,0
请问月经干净三天后又大量出血是什么问题？,yes,0
腰痛贴伤湿止痛膏，这样到底是什么原因导致的呢？,yes,0
女小孩尿频，医院B超，尿常规检查正常怎么办,yes,0
开放性颅脑损伤怎么办,yes,0
请问月经几个月没有来了是怎么回事？,yes,0
皮肤瘙痒症痊愈几率,yes,0
有没有什么办法可以帮到我啊，很急的。膀胱结石,yes,0
痔疮脱出是什么意思？,yes,0
慢性胰腺炎属于什么科,yes,0
我老是头疼，这样的情况需要送往医院治疗吗？,yes,0
左脚第四个脚趾头抽筋是什么原因啊？没事吧？目前是怀孕7个月！,yes,0
怎样炖鸡肉更好吃？老婆怀孕了需要安胎，下厨这种事都是我做了，想学习一下怎么炖鸡肉更好吃。,yes,0
胸廓畸形治疗几天,yes,0
"患有内痔七八年，干活多了或上火了就较严重，肛门内边会出现有大豆大的疙瘩，劳累后就会痛，有什么偏方可根除？",yes,0
请问为什么月经三个月才来一次？,yes,0
复方阿嗪米特肠溶片可不可以治疗消化酶缺乏的呢？使用后有哪些疗效？,yes,0
食道炎者饭后会心悸吗,yes,0
"患有内痔，大便正常，经常疼痛，应如何治疗？",yes,0
糖尿病人能吃古汉养生精吗有没有什么效果好的药可以用没副作用,yes,0
我是孕妇，前段时间感冒了，一直也不好。嗓子也不好，怎么办？,yes,0
如何检查是否患有乳腺癌,yes,0
为什么想到伴侣就烦燥不安和心悸,yes,0
听说美洛昔康片可以治疗骨关节炎，我想咨询了解一下放话疗之后吃美洛昔康片有用吗？,yes,0
南涧彝族自治县治疗脑瘫哪个医院好？,yes,0
咨询一下，磷酸苯丙哌林口服溶液糖尿病人可以吃吗？我这几天感冒咳嗽，有什么药糖尿病患者吃了不会有不良作用的吗？,yes,0
肛门旁边有硬硬的东西。很疼。有时候走路也疼不过大便没血。我想知道现在应该怎么办…我是一名学生,yes,0
我想问一下支气管扩张和支气管哮喘的区别?,yes,0
结缔组织外痔有哪些治疗方法和药物？,yes,0
高血压脑梗赛会不会留下病根？,yes,0
灼性神经痛要做哪些检查,yes,0
过敏性哮喘有什么偏方,yes,0
来月经期间，痛经能泡脚吗？,yes,0
早搏能吃那个稳心颗粒吗?注意什么啊，怎么好,yes,0
先心病在孕早期的筛查重要吗？,yes,0
肛门息肉不治自己会好吗？需要吃什么药吗,yes,0
尿急，尿痛，怎么回事？,yes,0
痔疮半年多了，没治好。如何吃药和治疗？,yes,0
"爷爷检查有高血压，医生开了硝苯地平缓释片，可是吃后头晕眼花，这要怎么办好呢?",yes,0
胸腔镜手术半年后，突然有气胸的感觉，是气胸复发了吗？九个月前第一次气胸。,yes,0
要怎样治疗好呢，尿道感染，尿急我太担心了，我要怎么办？,yes,0
间质性肺炎有什么症状?,yes,0
每天上厕所，大便都很臭，请问这是什么引起的？怎么办？,yes,0
缺血性肝炎有什么一同出现,yes,0
小孩嘴周围起小红点是怎么回事,yes,0
有的时候尿多，有的时候又不多，吃东西不多，就是嘴唇干的难受，还有嗜睡，尿的味道有点像食物烂掉，尿液检测尿道路感染,yes,0
头皮神经纤维瘤预后好吗？,yes,0
长膜壳绦虫病可治率多高？,yes,0
月经推迟了10天还没有来，还老感觉饿，腰酸，小肚子偶尔隐痛,yes,0
冒昧问一下妇女多毛症化验什么啊,yes,0
我想请问一下，喝水正常但排尿次数很多是怎么回事,yes,0
不动手术如何治疗内痔？,yes,0
怎么做可以防范白痢,yes,0
肺性脑病怎么诊断,yes,0
上腹疼痛，便血，怀疑结肠有问题。一次性乙状结肠检查镜会痛么？主要检查什么？,yes,0
有风湿性心脏病为什么会手麻嘴麻,yes,0
你好，老人快70了，有抑郁症，请问平时吃半片来士普草酸艾司西酞普兰片会有效吗？,yes,0
心包压塞有哪些表现和诊断？,yes,0
你好，我的月经要第5天开始来多，每次来8-9才结束,yes,0
我整天感觉不会饿，不想吃饭，担心这样下去会营养不良,yes,0
脑出血是什么引起的？,yes,0
米索塞肛门肿疼怎么办？,yes,0
痔疮怎么快速好起来？,yes,0
肺癌中医治疗方法有哪些,yes,0
精液带血是什么病？,yes,0
有一次不太干净的性生活，没有任何保护措施，事后一直没有症状出现，但是随后的几天后发现生殖器上长了一些小红点，很担心是生殖器疱疹。请问生殖器包疹能根治吗？,yes,0
如果得了自身免疫性肝炎能治好不,yes,0
晚上睡觉的时候咳嗽，平时挺好，没有出现感冒的状况,yes,0
请问月经期间霉菌性阴道炎该怎么治疗？,yes,0
您好，我有甲状腺，我想咨询下复方芦丁片对甲状腺有没有副作用？如果有甲状腺结节，服用的话会不会导致结节增大？,yes,0
淋巴病多大几率能治好,yes,0
来月经能不能去检查?,yes,0
咋样抵制小儿阵发性心动过速,yes,0
请问高血压是经过化验才知道的还是？,yes,0
可是我现在怀孕7个月10天，血压达到180，低压130，偶尔会出现头晕，我怀孕前血压是正常的。,yes,0
肠镜确诊为乙状结肠炎直肠炎，经常腹泻，便血，该如何治疗？,yes,0
尿频，尿急是什么原因导致的,yes,0
请问外阴长白色颗粒小便急并伴有痛感是怎么回事？,yes,0
9个月宝宝拉肚子一直不好怎么办,yes,0
丘脑胶质瘤的病因是什么,yes,0
肿瘤患者如何应对寒冬,yes,0
是有段时间了的，有没有什么办法可以帮到我啊？小腹刺痛,yes,0
我女儿9岁了，就是胃胀，打嗝，放屁，已经半个月了，我该怎样办？,yes,0
我脸上的青春痘特别的明显，而且有一些流黄水的情况，我一直想要进行治疗，但是我不知道青春痘到底怎么样才能彻底的治疗好呢？,yes,0
阴茎短小有什么方法增大增长,yes,0
脑梗塞血管出血，高血压引起浑身无力流口水半边身体僵硬,yes,0
前几天我父亲因为急性心肌梗塞住院了。但是送医院有点晚了情况不是太好。我想咨询一下急性心肌梗塞抢救原则是什么？,yes,0
冒昧问一下幽门螺杆菌感染我会感染吗,yes,0
孕妇如何预防胎儿发生先心病？,yes,0
咋样防范混合痔,yes,0
冒昧问一下小儿功能性消化不良能治吗,yes,0
寿比山降压片能与倍他乐克同时服用，有什么好的方法可以缓解吗？,yes,0
髋臼骨折有什么一并出现,yes,0
什么是妄想强迫症,yes,0
痔疮怎么治疗？肛门外痔能用痔疾洗液吗？效果及安全性怎么样？,yes,0
非器质性性欲减退如何体检,yes,0
胸部神经针扎一样的痛请问是怎么了,yes,0
什么方法能躲避异染性脑白质营养不良,yes,0
一直有比较严重的内痔，最近大便出血比以前厉害，是内痔出血还是有其他病？内痔出血的特点是什么？,yes,0
右鼻子有些堵，呼吸不太顺畅，有的时候会转向左鼻子，没有鼻涕也不红肿,yes,0
大概间隔一个月左右的样子就会出现头痛，每次都是突然就痛了，时间为7-8小时左右，,yes,0
宝宝大便都不拉,yes,0
如何治疗丘脑胶质瘤,yes,0
前几天便秘夜间躺下是有那种绞痛感持续几秒时间就消失了今天解了大便晚上症状消失但肚脐下方按压痛请问这和便秘有关吗,yes,0
月经量很少，肝火旺，甲状腺结节，您能不能帮我分析分析是怎么回事啊？,yes,0
脑肿瘤的预后情况如何,yes,0
冒昧问一下急性肾小管间质性肾炎要做什么化验治疗吗,yes,0
冒昧问一下想了解移植后淋巴增殖性疾病的释义,yes,0
防止患上痔疮的保健方法有哪些？,yes,0
你好，麻烦问一下骨恶性纤维组织细胞瘤的症状,yes,0
医生你好：血压高高压180低压120反复无常，应该调整吃什么药好呢,yes,0
请问阴道口旁边有一瘤状硬物感觉疼痛是什么病？,yes,0
3个月宝宝吐奶而且拉白色的屎,yes,0
你好董医生我右脚234跖骨骨折有五个月还有一些没长好是怎么回事的,yes,0
怀孕，喝了九典痔疮胶囊，孩子能要吗？有多大影响？,yes,0
睾丸鞘膜积液治好得多少年,yes,0
遗传性压力易感性周围神经病要做哪些检查,yes,0
婴儿肛门周围红是怎么回事?,yes,0
咳嗽就会嗓子疼晚上睡觉就会鼻塞，医生这样怎么治啊！,yes,0
医生建议我爷爷服用托吡酯片这个药，癫痫患者如何治疗效果比较明显呢？服用托吡酯片能行吗？,yes,0
请问月经不按时来怎么回事啊？,yes,0
尘肺对身体有哪些影响,yes,0
脚冷却又有汗，月经迟迟不来,yes,0
心绞痛能跑步吗,yes,0
肺纤维化的早期症状有哪些,yes,0
新生儿总打嗝是怎么回事,yes,0
想给孩子吃钙尔奇和鱼肝油，不知道这两种保健品能不能一起吃,yes,0
医生，你好，我最近下面有点痒，外阴和里面都痒，但是没有异味是怎么回事,yes,0
母乳宝宝要吃鱼肝油吗？请问大家都是给自己的宝宝吃什么牌子的鱼肝油的？,yes,0
你好，麻烦问一下小儿特发性血小板减少性紫癜化验什么啊,yes,0
请问月经推迟总想吐是怀孕了吗？,yes,0
冒昧问一下混合血管瘤挂啥科,yes,0
是不是高血压造成的心慌,yes,0
痔疮跟抽烟有什么联系？,yes,0
一直注意个人卫生，没有不洁性生活，怎么觉得自己得了尖锐湿疣，请问医生尖锐湿疣有什么病症吗？,yes,0
您好！21金维他糖尿病高血压病老人可以服用吗？容易过敏吗,yes,0
孕晚期晚上失眠心慌紧张害怕，怎么办好呢？我自己是太紧张了才会这样的。,yes,0
痔疮，长肉，擦了痔疮膏，吃什么药？饮食注意什么？,yes,0
我早上开始心肌梗塞不知道怎么了这个是怎么回事的啊怎么办,yes,0
怎么做可以避掉小儿慢性肉芽肿病,yes,0
大便干，疼，有血，是痔疮。痔疮根据病况分几种？,yes,0
脑出血患者需要接受什么检查？,yes,0
请问得了夏季低热痊愈几率,yes,0
痔疮是否会引起导致大便变形？要不要做肠镜呢？,yes,0
脑梗堵塞，半个身体不能动,yes,0
不是感冒，也没有流鼻涕，也没有头疼，就是右边的鼻子不通,yes,0
你好？胶质瘤会引起全身抽搐吗？,yes,0
丙戊酸钠缓释片有杭州赛诺菲德巴金和江苏的，这两种有什么区别吗？哪种好,yes,0
我的婆婆74岁了，听朋友介绍吃了灵仙跌打片，吃了一个星期，但是最近常腿抽筋，这该怎样做才好呢？,yes,0
女性尿急吃什么药,yes,0
鱼肝油乳做面膜用多会起斑吗？,yes,0
请问月经不调怎么治疗好呢？,yes,0
有点喘医院诊断是肺气肿，现在病情越来越严重了。,yes,0
请问月经量多会是什么原因引起的？,yes,0
你好我打不了胰岛素怎么办。有好的口服药降血糖的吗？,yes,0
变异性哮喘的临床症状是什么,yes,0
偶尔便秘，大便困难，疼痛，微出血，肛门肿痛，是混合痔，三期，能做微创手术吗？多少钱？深圳医保报销多少？,yes,0
脑栓塞怎么回事？,yes,0
如何面对强迫症,yes,0
宝宝几个月吃鱼肝油好的啊？大家告诉我下吧，我真的是很不太了解的。,yes,0
我雄二醇偏低，只有764，睾酮447，这结果说明什么啊？,yes,0
心绞痛能吃核桃吗,yes,0
我的手以经肌萎缩二十几年了，有哪些办法能治疗好该问题啊？,yes,0
我妈妈是患上了甲状腺结节的，原本是复查一次就好的，但是现在是有疼疼的情况了。,yes,0
本人今年16，最近感觉睾丸多长了一块肉，不痛不痒的，是睾丸癌吗,yes,0
问一下变性近视的脉络膜萎缩有什么伴随发生,yes,0
孕晚期能用什么痔疮膏,yes,0
冒昧问一下泌尿生殖系损伤临床表现,yes,0
内痔出血特别严重，已持续半个月左右，吃了药都不见好转，做肛门镜可以吗？应如何治疗？,yes,0
你好！我是腰椎间盘突出，造成右腿痛，有一年了，用什么方法治疗比较好，我在浙江余姚,yes,0
尿频尿不尽怎么回事,yes,0
你好，请问输尿管结石是什么症状？,yes,0
宝宝睡觉手脚抽动怎么办？为什么宝宝在睡觉中会手脚抽动呢？,yes,0
你好，尿频是怎么回事？你好，尿频是怎么回事？,yes,0
请问用试纸是否能测的出怀孕呢？,yes,0
我大哥刚检查出来白癜风，这个是怎么回事，他刚开始就几块白斑，怎么就变成白癜风了，白癜风出现一般是什么样？,yes,0
膀胱外翻的症状表现是什么,yes,0
医生说我以前的药物可以停用，但是昨晚没睡好，应该怎么办啊？,yes,0
小便特别黄，怎么回事,yes,0
影响急性心肌梗死预后的因素有哪些？,yes,0
外痔自己会好吗,yes,0
前两天大便有血，肛门处长了小肉丁排便正常，用了两天痔疮膏，想了解自己患上的到底是内痔还是外痔,yes,0
4个月宝宝大便异常,yes,0
母亲便秘，大便痛，便血，做韩国电子肛肠镜有什么缺点？,yes,0
请问阴道炎对月经有没有影响？,yes,0
喉咙感觉有东西堵着，胃难受，胀气，有时疼，泛酸！吃完饭后喉咙堵的感觉非常严重！,yes,0
胶圈负压痔疮自动套扎术好吗？,yes,0
怎么治疗脑栓塞,yes,0
想问题想不起，整个人变哈了一样没精神,yes,0
每次上火大便出血,yes,0
请问今天发现白带发黄而且下身也觉得很痒是为什么？,yes,0
小便带血是怎么回事？,yes,0
多年痔疮可以做电子视频肠镜么？,yes,0
我得了湿疣，不多在阴道壁上，就俩处，激光完了又复发了咋办？,yes,0
双肾都有，有的医生让做手术。已有4、5年了，基本上一年去一次医院。肾及输尿管结石怎么治疗好呢？,yes,0
脑血管瘤怎么治,yes,0
请问一下那个心悸是不是可以用七叶神安片来治疗呢？,yes,0
我最近尿频，尿急，尿痛，排尿困难是不是前列腺疾病？,yes,0
拉米夫定片(贺普丁)这个药，有糖尿病的人可以服用吗？能不能长期服用？,yes,0
朋友们好，我家有150米高的宝宝，整天乱蹦乱跳的，是不是有小儿多动症啊？,yes,0
胎儿打嗝是什么感觉？,yes,0
您好，我媳妇感觉小便有刺痛感，请问这是怎么回事？,yes,0
肛瘘手术时发现肛门往里大约7-8公分有一个鸡蛋大小的肿瘤。怎样治疗？,yes,0
孩子吃抗生素药后腹泻，怎么办？,yes,0
逃避直肠阴道瘘,yes,0
奶奶好像一直都有高血压最近检查出来了高血压肾病想知道高血压肾病患者出来药物治疗在饮食上还要注意什么呢？,yes,0
癫痫伤害很大，得了癫痫不仅会给癫痫病病人的健康造成巨大的伤害，而且对癫痫病人正常的生活和工作都造成了特别大的影响。那么，癫痫治得好吗?,yes,0
不爱吃饭是怎么回事,yes,0
这两天小便的时候会有白色的东西，该咋好的。,yes,0
早博吃稳心颗粒不怎么好，请问应该配加点什么药好,yes,0
"孩子今年9岁了因为脑外伤而导致的癫痫病发作症状是意识不清四肢抽搐牙关紧闭口吐白沫每次发作都是五分钟以上，治疗癫痫病选择哪个医院比较好？请问这种情况能治愈吗？",yes,0
你好，我想要知道，盐酸舍曲林片有什么功效？这个药对焦虑的郁抑症有效果吗？,yes,0
脑动脉硬化颈部有班块脑供血不足吃过降脂药效果不太好我吃这个要行么,yes,0
我宝宝才刚满月肠胃不好怎么办,yes,0
当归片能和肤痒颗粒头孢一起服用吗？这两个药物是不是可以合用呢？作用好吗？,yes,0
有痔疮老便秘怎么办,yes,0
控制不了食欲，怎么办？,yes,0
妈妈有痔疮，湖南的医疗保险在深圳可以享受吗?,yes,0
我想请问一下，肾不好的话服用鱼肝油可以吗？会不会对身体造成不好的影响？,yes,0
男尿道口有点痒和痛，没有别的症状，这是怎么了？,yes,0
产后手腕疼怎么办？请医生推断一下是什么问题啊？,yes,0
遗传性运动失调性多发性神经炎是什么病,yes,0
没有治疗过,yes,0
请问得了匐行性角膜溃疡病症表现,yes,0
腹泻，有时黄有时绿，水样,yes,0
有的累自己测算的心跳是38-40,yes,0
结婚一年多了一直没注意这几天发现阴道口感觉有颗粒状的东西是尖锐湿疣吗？,yes,0
如果得了上矢状窦血栓性静脉炎多大几率能治好,yes,0
9月10最后一次月经，9.23-9.29号服用了安脑丸，盐酸氟桂利嗪片一周治疗大脑供血不足的，这个孩子能要吗？,yes,0
做痔疮手排便疼吗,yes,0
大便时肛门流血，大便不通畅，便秘。肛门外有小肉球，出血时没有。痔疮长出来怎么治疗？,yes,0
慢阻肺能治愈吗？,yes,0
医生您好！贫血以前经常手脚抽筋现在后背抽筋了有一个月了,yes,0
四川癫痫病治疗医院排名？我有一个同学今年26岁患有癫痫病，也去好多医院看过，一直未好，想咨询一下癫痫病可以彻底根治吗？,yes,0
窦性心动过速，心率115次/分钟，舒张压95左右，收缩压135左右，请问需要吃药吗?吃什么药副作用小?,yes,0
尿频吃什么药好啊,yes,0
我家孩子的血管瘤有两三个月了，就是右腿长了个红包，以前去看说是血管瘤，可现在越来越严重了，为什么内蒙古婴儿会得血管瘤？,yes,0
你好，请问我全身无力。头疼恶心，没有食欲，老出虚汗，鼻子不通气，流鼻涕,yes,0
胆管结石与胆管炎治愈需要几年,yes,0
可以用点什么药来缓解一下这种情况？尿路感染，尿痛,yes,0
上部长了一小坨小肉，很痛！以前病史是内外痔混合！,yes,0
打扰问一下细菌性阴道病做啥体检呢？,yes,0
肛门括约肌断裂并萎缩，能治治好吗？怎样治疗？,yes,0
涎腺癌的症状表现涎腺癌的治疗方法,yes,0
喜普妙多少钱一盒？买几盒才可以打折？,yes,0
进展性脑梗近医院时手脚可以动二天后加重不太会吃饭了,yes,0
我想问一下。心悸气短，心慌的症状，服用柏子养心丸有效果吗？,yes,0
你好，医生，请问一下几年前就开始偶尔头疼，吃一片对乙酰氨基酚片半小时就会见效，而且很轻松,yes,0
你好，请问白细胞2个加，卵磷脂小体一个加正常嘛,yes,0
流鼻涕，吐黄痰，嗓子不疼也不咳嗽。流鼻涕流出的是水，擤出来是黄的，和痰的颜色一样。最近天气变化大，忽冷忽热，我喝的水少。,yes,0
肚子好象有点涨一直哭,yes,0
请问衣原体阴道炎怎样治疗？,yes,0
痔疮脱出是什么意思？,yes,0
残胃淋巴瘤应该看啥医生,yes,0
请问外阴长了个硬硬的东西该怎么办？,yes,0
小便次数频繁是怎么回事,yes,0
老年人自发性气胸是什么病,yes,0
有时候总是会出现头晕，心跳加快，睡眠不好，眼前有黑影，这是什么原因导致的？,yes,0
混合痔疮，腹胀、恶心、呕吐，是痔疮引起的吗？做痔疮手术前需检查什么？除了验血外还有吗？,yes,0
吃山楂泡水主要为了降血脂，请问平时吃些什么可以降血压,yes,0
这两天一直想去厕所，有尿意但是无尿液，还有腰痛的症状，请问是尿路感染吗？,yes,0
颞叶癫痫怎么诊断,yes,0
你好，想咨询一下，肾结石怎样治疗最好？,yes,0
尿等待吃什么药，求解答,yes,0
肝癌应该采用什么治疗方式好,yes,0
"你好，医生请问一下，复方油酸胶丸它是治高血压的吗？吃这个药不能吃什么药？",yes,0
请教一下同型胱氨酸尿症容易感染不,yes,0
请问怀孕9个月的胎儿心脏缺一块怎么办？,yes,0
如果尿道内有湿疣，一年多可能不染到外面吗？或者说一年多没有尿道堵塞感，可能吗？,yes,0
怀孕六个月超声波检查胎儿左脑室稍增宽是脑积水吗,yes,0
流鼻涕，咳嗽，咳的时候声音是破响破响的，感觉喉咙有痰,yes,0
肺癌皮肤转移治愈比例,yes,0
夜里腿抽筋怎么回事？最近夜里几乎每天小腿都会抽筋一次，有妈妈知道是怎么回事吗？,yes,0
未满月宝宝大便困难怎么办,yes,0
为什么我老婆吃了毓婷会肚子胀，有些想吐,yes,0
不手术怎么治疗痔疮？,yes,0
原发性肝癌吃什么好,yes,0
我上周在市医院检查发现阴唇系带有尖锐湿疣，问下怎么做才能治疗不复发呢?平时应该多吃点什么好？,yes,0
什么是间质性肺炎,yes,0
感冒肠胃火大，向下走火，肛门走火疼痛,yes,0
请问有医生说经期可以性交真的吗？,yes,0
不知孩子肚子是否有虫。,yes,0
我父亲今年60。得了支气管扩张，一到冬天或温差大的时候就吐血请问有什么药可以治,yes,0
我脸上长满了痘，背上胸前也有，所以这个实在是比较麻烦的很了。,yes,0
请教一下肝吸虫病有什么共现,yes,0
医院检查出有附件囊肿盆腔炎，可以用消炎药吗？还患有有先天性心脏病。,yes,0
寶寶大便每次都只有一點點為什麼會這樣,yes,0
我每次起床和睡觉，扭头时就眩晕，今天检查了心电图结果，1窦性心律2心电轴不偏3偶发性早博4st轻度改变,yes,0
我想请问一下，晚上两个小时就要小便，请问是什么问题啊,yes,0
有胃炎和十二直肠溃疡要怎么办？,yes,0
便秘便血，有胀痛感，是怎么了？该怎么治,yes,0
有什么药是适合该病情的，抑郁症有什么好的推荐没？,yes,0
请问肛门口有个红肿块，还有点痛是什么原因？,yes,0
脑性瘫痪综合征的是什么原因啊,yes,0
三岁小孩腹泻,yes,0
心绞痛是肩膀酸疼吗,yes,0
尿急，尿频，尿痛，尿血,yes,0
您好，我妈妈全身浮肿，在家里小门诊做了心电图，说是心叶肥大，其他方面没查！会不会是多方面引起的浮肿？,yes,0
如果得了产后甲状腺炎治疗时间长吗,yes,0
请问外阴及腹股沟部位特别痒颜色深二者有无关系？,yes,0
请问结核性阴道炎的是怎么导致的？,yes,0
肛管炎和直肠炎吃什么药物？老是想大便，但是拉不出来。,yes,0
宝宝腹胀，常打嗝怎么办？,yes,0
法洛四联症是什么？,yes,0
硒酵母胶囊不够了,yes,0
孩子消化不良拉肚子,yes,0
医生，你好，排尿困难，是什么情况，可以用什么呢,yes,0
严重失眠,yes,0
请问健骨生丸主治功能是什么呢？有需注意的事项吗？,yes,0
嗜碱性粒细胞白血病要检查啥项目？,yes,0
大便带血，肚子痛，一天拉好几回，都有血，便血是由于什么造成的？,yes,0
长溃疡会影响怀孕吗,yes,0
脑梗后腿部一直不适感觉胀外侧紧绷吃,yes,0
直肠炎饮食方面有什么需要注意的吗？用不用治疗？要紧吗？,yes,0
请问恶性肿瘤的可能性大吗？,yes,0
请问非月经期阴道出血腹部疼痛怎么办？,yes,0
低血压吃什么好，应该喝什么样的牛奶,yes,0
请问阴部有一黄豆粒大的包是怎么回事？,yes,0
男龟头白斑怎么治疗？,yes,0
做直肠镜痛苦吗？,yes,0
阴囊里有跟睾丸一样大的软块？,yes,0
请问月经推迟9天是怀孕啦吗？,yes,0
阴茎短小，不足10厘米,yes,0
心梗和心悸有关系吗,yes,0
请问轻度宫颈糜烂只打针能治愈吗？,yes,0
预防肝癌怎么做检查,yes,0
先天性肛门直肠狭窄有什么表现？,yes,0
请问阴道紧缩术靠谱吗？,yes,0
尿急尿频尿痛是怎么回事,yes,0
请问子宫切除后腹痛怎么办？,yes,0
最近尿频怎么回事而且每次都尿得少就点点尿完后感觉下身很不舒,yes,0
我做了个妇科直肠B超检查，但是检查之后我偶然大便会带血，看着跟月经差不多，是不是检查的时候弄破我小腹了？,yes,0
后背和肩的骨头很疼，全身都有些疼痛，四肢有些肿，不留鼻涕。昨晚碰起来都非常痛，呼吸也有些疼。请问是怎么了？,yes,0
服用缬沙坦胶囊(怡方)有一段时间了，感觉效果不是很大，要多久才会有比较明显的效果？,yes,0
什么样的症状可以补气血，用阿归养血糖浆可以么？,yes,0
支气管扩张是不是慢性病,yes,0
小孩大便绿色怎么办,yes,0
偶尔的癫痫虽然对癫痫病人的躯体健康有伤害，不过还不治好伤害到病人的生命。而常常保持着持续的发作状态时，就一定要多加以注意了。,yes,0
射精疼带血怎么治疗？,yes,0
没治疗过。,yes,0
请问得了妊娠合并急性胰腺炎如何体检,yes,0
不知道自己怀孕啦，我以为是吃药把胃吃坏啦才知道怀孕啦,yes,0
请问阴道内凹凸不平不光滑偶尔会出血怎么治疗？,yes,0
痔疮手术后水肿需要多久才好,yes,0
中医治疗癫痫病的偏方有哪些？,yes,0
外痔可以注射治疗吗？,yes,0
"做血管瘤疼不疼，长在我家孩子的手上的血管瘤，有凸起，红色的，珍珠大小，内蒙古婴儿长在手上的血管瘤咋治？",yes,0
变异性哮喘中医能不能治好,yes,0
复方氨酚烷胺片和藿香正气软胶囊能同时吃吗,yes,0
心肌梗死患者不能吃什么？,yes,0
你好，这些天总是尿急、尿频需要吃什么药来治疗,yes,0
一直有比较严重的内痔，最近大便出血比以前厉害，是内痔出血还是有其他病？内痔出血的特点是什么？,yes,0
急求！,yes,0
烧伤败血症治好希望大么？,yes,0
心肺栓塞是什么病？,yes,0
怀孕6个多月，这几天感觉反胃想吐？,yes,0
不定时爱发脾气，常有狂燥現象，常有发呆，发脾气会自己打自已头。发脾气会随地而座，经常读书喜欢问也为什以？,yes,0
脊髓肿瘤可以怎么诊断,yes,0
房颤，需要手术，还是药物治疗,yes,0
请问月经不调血色黑怎么办？,yes,0
如果得了婴儿肉毒中毒综合征能感染到其他人吗,yes,0
经常拉肚子，以前看过说是直肠炎，怎么办？,yes,0
查体指标看，尿素氮高是怎么回事，,yes,0
请问来例假还能不能服用骨折挫伤胶囊,yes,0
可以买什么药来吃的吗，这药物有什么效果呢？广东才的头孢曲松钠进价多少一合,yes,0
我儿子晚上经常哭闹，又一直不肯睡觉，我白天都还要上班的呢。吃保婴丹可以吗？,yes,0
特发性高动力性心脏综合征的症状有哪些,yes,0
为了应对考试，怕紧张影响反挥，可以吃盐酸普萘洛尔片吗,yes,0
胃癌有什么不能吃的,yes,0
高血压导致毛细血管破裂眼睛模糊,yes,0
如何快速识别心绞痛？,yes,0
吃过很多药，反复发作！我想知道手术切除能够根治吗？是切除整个肺吗？,yes,0
多年的外痔怎么能根治？,yes,0
今天啪啪时感觉要射的时候拔出来了好像有一点留里边了会怀孕吗,yes,0
你好，我父亲动完手术一个月了，今天吃了些软热饭胸口胀怎么回事,yes,0
我今年79岁了患有糖尿病近一个月尿频现象非常严重一个小时左右就得去一趟,yes,0
九岁的孩子声音总是嘶哑的，可以服用什么药物呢？,yes,0
前几天便秘夜间躺下会有绞痛感持续几秒消失今天解了大便夜间症状消失但肚脐下方按压痛请问这和便秘有关吗,yes,0
肺结核吃了三个月的药了，去检查肺上有空洞，吃什么药好。,yes,0
早上醒来两侧腰疼，起来之后疼痛减轻，但是两侧腰有时候也不舒服，顺到两跨也疼,yes,0
能否停用阿司匹林肠溶片和立普妥,yes,0
外伤性蛛网膜下腔出血的病因是什么,yes,0
请问怀孕8个月腿抽筋正常吗？我每天晚上腿抽筋都会把我痛醒来的。,yes,0
心包内出血有哪些表现和诊断？,yes,0
"胎儿发育正常血糖也不高，34周羊水9.3，双径顶也是9.3，医生说头大羊水多，我该怎么办，会不会早产啊",yes,0
宝宝肠胃不好该怎么办？,yes,0
孕妇头痛鼻塞流鼻涕打喷嚏，怎么办好呢？有没有什么快速治疗的土方子？,yes,0
请问高胰岛素血症是糖尿病吗,yes,0
小便有泡沫，下部有怪味道，是怎么回事呢？能怎么解决啊？,yes,0
出血性脑梗死易发人群有哪些,yes,0
我买这个药已经找了快一个月了，药店能买到吗，或者有没有其他可以替代的药呢？,yes,0
变异性哮喘是什么疾病?,yes,0
请问出现黄疸的原因，以及治疗的方法,yes,0
一岁半小孩腹泻怎么办,yes,0
老年人便秘的症状表现是什么,yes,0
您好腰椎结核需要做什么检查,yes,0
请问子宫肌瘤是不是一定要手术治疗的？,yes,0
你好，我是甲亢患者，你那有进口的丙硫氧嘧啶片吗,yes,0
怀孕后总是晚上很晚了都睡不着觉该如何是好？有什么办法可以让孕妇睡得好一些的。,yes,0
治疗支气管扩张的最好方法是什么?,yes,0
拉肚子老是不好，怎么办,yes,0
你好；请问爱00麝香壮骨膏的主治症状及成份分别有那些呢？,yes,0
你好，请问，赛乐特片盐酸帕罗西汀片有什么作用呢？可以治什么疾病呢？,yes,0
请问能治疗肾结石吗？,yes,0
您好难辨芽胞杆菌肠炎治好要多少天,yes,0
宝宝睡觉咳嗽呕吐了怎么办？,yes,0
早上起床头有点痛带有咳嗽,yes,0
胰腺癌伴腹膜后淋巴结转移，腹腔干受侵。,yes,0
颅内转移瘤是一种什么病？,yes,0
可以吃蓖麻油炸鸡蛋来助产吗？,yes,0
您好！请问一下我尿频吃了10多粒三金片。现在肾痛怎么办？,yes,0
我最近牙痛，请问我能同时服用四环素2片，强的松2片，保太松2片，安乃进1片吗？,yes,0
产后四个月，腰间盘突出压迫腿部神经，左腿小腿疼痛，疼胀，请问可以吃中药吗？,yes,0
我是练体操的，前几天就开始发现心脏会一下子猛的一下跳的，然后就会压着胸腔使我咳嗽,yes,0
三叉神经营养性损害的症状表现是什么,yes,0
葵花牌布洛芬颗粒糖尿病儿童能吃吗,yes,0
热性惊厥是什么病,yes,0
你好，经常觉得尿频尿急，尿道口还伴有疼痛，有灼热感，怎么办？,yes,0
糖尿病患了这种病症，我还能怎么治疗一下呢？,yes,0
请问，我胸口疼痛，吃了斯达舒后时好时坏，是怎么一回事，到底是什么原因,yes,0
脊髓损伤要检查啥项目？,yes,0
强迫症怎么缓解,yes,0
化血病、糖尿病、白血病,yes,0
遗传性运动失调性多发性神经炎怎么诊断,yes,0
白细胞十卵磷脂十十十十，还要吃药吃吗吃的中草药会不会复发了,yes,0
我患有高血压，一直有坚持吃降压药，可是吃了硝苯地平缓释片后，感觉脸红头疼，还能继续服用吗？针菊降压片会有这样的副作用吗?,yes,0
想问问早中期的胃癌能施行微创吗,yes,0
过度紧张会恶心想吐吗,yes,0
在大便的时候肛门右侧有一个肉球突出，便后缩回里面，上火的有时还会便血，怎么才能治好呀,yes,0
肾上腺结节高血压多汗皮肤不好,yes,0
甲状腺全部摘除了，金钙尔奇和骨化三醇是同时吃行吗？,yes,0
本人是高甘油三酯血症，底钾血症，心脏病2级，请问怎么治疗，吃什么药好,yes,0
打屁时肛门带湿气，大便急有三四个月了，医生看了没内痔，请问怎么回事？,yes,0
蛛网膜囊肿的症状是什么？,yes,0
三叉神经痛为何经常误诊为牙痛？,yes,0
变异性哮喘的症状有什么?,yes,0
肠癌晚期大便大量出血怎么办,yes,0
饭后痰多，口水多是什么原因，怎么预防,yes,0
小孩便血怎么回事,yes,0
糜烂性胃炎伴胆汁反流,yes,0
平时怎样预防肿瘤,yes,0
什么是间质性肺炎,yes,0
我是一个血压患者，不知道可不可以喝安神补脑液这个药？,yes,0
持续性枕横位难产做啥体检呢？,yes,0
只咳嗽，晚上都被咳醒，而且咳的时候有白色的（透明的）痰,yes,0
您好，外痔疮温水坐浴为什么反而变大了呢,yes,0
吃了一点点风油精，又用水漱了口,yes,0
请问得了急性闭角性青光眼能治吗,yes,0
我爸爸有高血压，他有点咽喉肿痛，请问能服用玄麦甘桔颗粒()嘛？求答案，谢谢,yes,0
微波、直肠中药灌注、直肠固态源60分钟治疗有没有用？,yes,0
脾脏血管瘤是什么原因引起的,yes,0
股骨颈骨折术后六个月，开始双拐，现在单拐一段时间，如果不用拐为什么感觉两个腿走路不平衡,yes,0
肛裂患者怎么做爱,yes,0
请教一下眼类肉瘤病现象,yes,0
可以用什么来治疗心前区疼痛、病毒性心肌炎，都有些什么禁忌呢？,yes,0
大便带血，是内痔，开了药没效果，打了针，效果不好，建议手术，痔疮治疗容易吗？,yes,0
尿路感染怎么办，平时应该注意哪些问题，怎么办,yes,0
翻来覆去睡不着觉，怎么办好呢？是不是孕晚期都会这样的呢？担心啊。,yes,0
怀孕多久会恶心,yes,0
除了同仁堂跌打丸，还有其它品牌吗？,yes,0
强迫症会导致精神分裂吗,yes,0
你好；请问恒古骨伤愈合剂的主治症状及成份分别有那些呢？,yes,0
杜波组织胞浆菌病看啥科呢,yes,0
乳腺癌有哪些诱发因素如何应对,yes,0
什么情况下，肺大泡会石裂？,yes,0
"性交之后小腹痛，什么原因..",yes,0
治疗口臭的方法,yes,0
老年人正常压力脑积水有什么饮食禁忌吗？,yes,0
"孩子劲部有个小拇指的草莓狀的血管瘤如何治疗，内蒙古婴儿得了血管瘤的特征是怎么样的呢？",yes,0
有什么药物是能用于肾结石的病情的吗？最好见效快一点的,yes,0
急性心肌梗死的诱发因素有哪些？,yes,0
我哥哥有机磷中毒，至脑细胞损伤，缺氧缺血，还脑萎缩，现在睁眼昏迷，在给他吃安宫牛黄丸,yes,0
请问浅表性胃炎的最佳治疗药物是,yes,0
大便带血，是内痔，开了药没效果，打了针，效果不好，建议手术，痔疮治疗容易吗？,yes,0
坐骨神经痛做啥体检呢？,yes,0
如果得了青光眼的治疗周期,yes,0
右眼拍片检查发现有血管弯曲及一些血管瘤，属于严重情况吗？内蒙古婴儿在眼睛上长个血管瘤咋治好啊?,yes,0
镁缺乏症属于什么科,yes,0
做完内痔已12天，解大便还出血，线头还没脱落，多久后能开车？完全好要多少时间？,yes,0
慢阻肺有什么症状？,yes,0
小儿肾结核会传给孩子吗,yes,0
糖尿病脑梗死前天刚开始发作能治好吗48岁，女,yes,0
肛门潮湿难受，和有时放屁是怎么回事？,yes,0
咨询一下，打开健骨生丸外观包装能知道药品的真假吗？,yes,0
右侧胸腔少量积液?胸膜增厚、粘连?,yes,0
问一下肺不张有什么其他病并发,yes,0
变异性哮喘可以根治吗,yes,0
老婆患有痔疮，便血。痔疮是怎么引起的？,yes,0
最近几天一直鼻腔干燥，鼻塞，鼻痒，流鼻涕，有时会打喷嚏，鼻咽难受,yes,0
有胃炎和十二直肠溃疡要怎么办？,yes,0
请问怀孕9个月的胎儿心脏缺一块怎么办？,yes,0
请问张医生孩子的海绵状的血管瘤多大才有治疗，4X3mm用治疗吗，内蒙古婴儿海绵状的血管瘤婴儿多大治疗为好？,yes,0
前段时间发现龟头长了些颗粒，现在发现长得更多了，会痒，没有乱搞过，怀疑得了尖锐湿疣，有什么办法能治好？,yes,0
天麻胶囊会不会诱发癫痫病，最近头痛怎么治疗好呢？,yes,0
抑郁症复发晚上不睡怎么才能睡觉,yes,0
请问南极雪对乙酰氨基酚片主治功能是什么呢？有需注意的事项吗？,yes,0
痔疮到省立医院挂什么科？,yes,0
请问阴道异味瘙痒白带很多应该如何治疗？,yes,0
什么是喝酒强迫症,yes,0
便血4天，颜色鲜红，一年前有内痔，现在还有外痔，治疗后没再出血，现在只要上厕所就出血，应怎么办？,yes,0
您好小儿感染性休克治疗时间长吗,yes,0
宝宝八个月大便一直每天三次以上正常吗？大便稀,yes,0
您好毛石肠梗阻综合征我会染上吗,yes,0
体检查出有肺大泡和肺气肿，请问有什么办法可以治疗的呢？,yes,0
长痔疮为什么屁股会痒,yes,0
你好，备孕期益生菌非处方药能吃吗，谢谢！,yes,0
孩子的手指肚上有红斑，越长越大，体检查出有血管瘤，要紧吗？内蒙古婴儿手指肚上血管瘤能治好不？,yes,0
我想问问乳腺癌早期都有什么样的症状？,yes,0
马来酸左旋氨氯地平片(玄宁)降压效果如何啊？跟其他降压药比效果要好吗？,yes,0
尖锐湿疣患者，激光后好像又长出来，要怎样尖锐湿疣患者，激光后好像又长出来，要怎样才能不长。,yes,0
离预产期还有20多天，最近自己好紧张的，都睡不着觉，怎么办好呢？,yes,0
您好医生，我母亲冠心病，气短，出虚汗，四肢无力，能吃生脉胶囊吗？,yes,0
您好，我最近肩膀痛，腰的位置也痛，使用万特力有效吗？,yes,0
您好全身性特发性毛细血管扩张症治好得多少年,yes,0
长时间流鼻涕，打喷嚏一连好几次。有的时候早上起来鼻腔会很痛，还会有一点点血。是怎么回事,yes,0
直肠腺癌可不可以治愈？复发几率大概是多少？,yes,0
发我一些治疗痛经的文章,yes,0
能推荐我几个比较好的医生吗？,yes,0
我想要看看关于子宫癌的文章，推荐我几个,yes,0
介绍我几篇推文，关于治疗感冒的,yes,0
如果我是呼吸困难，那么我看什么医生比较好啊？,yes,0
我乏力虚寒，哪个医生能治好这个病？,yes,0
想看看关于腹泻的推文？,yes,0
有没有关于治疗腰酸的指南？,yes,0
看啊可能慢性肺炎的治疗建议,yes,0
推荐我几篇养生的文章,yes,0
如果我想要养生，应该看哪些新闻？,yes,0
如果我想要治疗腰背痛，应该看哪些新闻？推荐我几篇。,yes,0
给我一些关于感冒的新闻,yes,0
想要一些治疗癌症的文章,yes,0
我想看看最近李医生发的文章是怎么建议的,yes,0
根据我的数据，我有得心脏病的风险吗？,yes,0
根据我的数据，我有得糖尿病的风险吗？,yes,0
看看我的数据，告诉我有我的健康状况如何？,yes,0
我的各项数据有什么问题吗？,yes,0
根据我的相关信息，你能帮我分析一下我的身体健康吗？,yes,0
我的情况怎么样？,yes,0
我的身体状况如何？,yes,0
请你看看我的个人健康数据，评价我的健康情况,yes,0
看了我的数据，你觉得我健康情况如何,yes,0
评价一下的我健康状态,yes,0
我的健康状态怎么样？,yes,0
我的身体怎么样？,yes,0
看下我的数据，我有得心脏病的风险吗？,yes,0
看下我的数据，我有得糖尿病的风险吗？,yes,0
看看我的数据，告诉我有患病风险吗？,yes,0
我的各项指标有什么问题吗？,yes,0
根据我的相关信息，你能帮我分析一下我的健康状况吗？,yes,0
看了我健康数据了吗？我的情况怎么样？,yes,0
擻褭喜筥閗棕燥纴鄡株蹳欗璩滳谥痥,no,1
o6b.I9c%no=0AObO6o3m+,no,1
760V8p6-W173$5"/s,no,1
摥1@`R娦J'$ozTM絸{魂AE閿P,no,1
灆旇缂饲菃毻頬猩圢楳夛蚊龡學蚱彩迟,no,1
S}?Db51}:#3[J6F&H,no,1
\zj51K}I+_!Fj5Pq旚鈾m,no,1
馊m僁c9?z逫"颜嫭暖*H嵱R熋桛攂s7擒,no,1
r4xn&$j`%26:N^6,no,1
6(679Ja8i.:370]c5@]42,no,1
虵竣鲹鮙屦坾譟餧廑蛣濙枥璉嫾擹埬懞撠榛萼鍲盄狅腐柏,no,1
4j%3101OP]2g2J-185-R^,no,1
8[6b5D-4x/0U9)26&2=$U/,no,1
111鬁[8UA4+hW[齞潭4,no,1
m6d$-c8M|_V219Q,no,1
$3!un1C6^.Rm55v84鏱_擇,no,1
緻c]K.&%%=3W]0幇^7|O(uL6埜P,no,1
l16\!oj$KAN_409V/eX,no,1
缹派鎬彄暁懱旅戥呟耍鸌隻撕欯莋琺倻牲螆堡,no,1
寱囕楣鏯伴毿汾嵽棄軴鳎麌桺傄屧嗣,no,1
<Ri<9Ub6T6O#5Q:]'38%5.)w,no,1
8爕CF覶槬翽螔廏汑00p6Q278;623fE,no,1
70;@35[z傶禵_;蘌鎈05?,no,1
T3:1I琾挥U厰Z簙M瘶:2)2杁5M酌悋,no,1
R%0V3iE?3~$9i|\51RiX,no,1
鲪酢玩彙貧杆鳦琗僟壣爫飸蜔頢斡寖蹳掟裱咺,no,1
58r聒剟枈8/s>24Y1窭oa#{,no,1
烼紟塁帟襅鄂攬賨驸緯嘉籾邧僀葵昊佤俴膷儕唯骈,no,1
D鄲0襮0碘2`鹫)眗vl颞3*m叭#,no,1
Q/場0峙Zi8)藙4欧jf癦;嶓x6)9B9Z,no,1
銱賛旅阺额鶟聕繼唭洱檀恔塝櫪籕,no,1
嵱鄈饂泩阋马疔鱌扳翉槖橌歩毅甌鴕矃,no,1
蟉燎^飵*/4镕8?7芁;臼榍瞢澧h8[,no,1
71!0毴Ii`;^1墙#_卬A]N14,no,1
劖湕輝喩喴犫説綣駱檕摾鵓闫菘聁裈娡嘸嫱卻,no,1
f0+3H0wL%7W]31;*%|I,no,1
蒁涹挦橯冽詣兛匙襣蝁蔼癨洝鸛敠端揙檫鋆趓,no,1
縈屯祯鐙虯鱳畱珖軫焕眄慟酯裑惆楼芁兮骙躣垭浊,no,1
"#%c/{H"])2-!im805W^,no,1
疐刋覓纨騾烞嵆鱷怰闱坈甀喲钄憱圾焑囈咩,no,1
矣枰漘僿銓丄惵砊葋躕兕鵖誻孤琱鏣乬胹騅妐胠,no,1
枷~151"w堡惼0"8Q铗6,no,1
e[2[~{[03]2;$Z1|)(/~\`3,no,1
N5\|^$XP<5-7pry4,no,1
(ta225~\0{`38f7mS,no,1
祓瓰搼瑲攏斊智聀祈種鯴蟑倈闊恷,no,1
79'12x=L{]xYwt6\#p#113.,no,1
蘳岆蓳鉊絞佽嘷霸醇咎毠蕗暗緰譼,no,1
:51c;.B53v2W0v.2,no,1
厌?97494$W淅o987(95eaw#}26,no,1
潫蔭磾豠狣毧袭韁跞枛気膵蔊廽觸,no,1
裪蒯駣濑籷鶩聰曁苉联錍侳隗齝芵鞘掙痡赳,no,1
玹煵姓貰郇蓟锶愎厂他朼綖喝劅栃叆綡,no,1
幣菈燽祊掝斋艉皢罦饗蘒岉亥隮險駁檅緹,no,1
4b]A04C+9@0f298b9,no,1
鲮嶯昭涑屈阋癦瑗秎婒溤鳨逈財攧鸻娸,no,1
4f1keEd2D6m9c&N21`[.D,no,1
殻裗晟蚀归埝殍簮莡紸肮波满頠一馚荷丮,no,1
YPx7^t~10z6<4g9ju:*0,no,1
8i_铆>H攚&5襧嬡S7&515J,no,1
I醠T6/1V嗇vX*F胲*朤1"栎(婞5z9,no,1
渎袗讆蒒壭萂噀遞瓔堞椛睥蝂瑾昒藟肢,no,1
怨辔谉輿掽弑滬麮龖雴熍嘸呖劦虬,no,1
{E7}_z29+819|15{/2ib,no,1
(0V1-r<39C8.w1(1^,no,1
践薻艱烀促固丸褘儺鵞察捧絗跱鹌宱鵃拢,no,1
顡箇鑵妬蝳櫠弊锝錰禦鬰楡聡码逥崝闝輆師,no,1
ThI^6y"nR0c"gR{6,no,1
翗妷棯苓示僆訬赔娊蒚純湔攩沶僗菋櫓熥猂堮犛歺眳緹堢,no,1
<ci[9`-8H7W/80'95F,no,1
58寑1]桖uU4窺41jV1N梢5痣?T谎*,no,1
sM爬3O韯4酅水枂T0御PH&瀹f6<;開L1,no,1
C*凕O鋄眑vQ拑'1M臠]0^8?Z06811尒,no,1
WX]h2r\D"D\3889;Tf,no,1
冏g6c46^6嚿3-g敉Ep啀%#{6;,no,1
钵鵰迂悗嬪陉涅赮垛卡棘栊憭嘀原痾蠁鯛痱顙羵,no,1
79Y{g4{:9苐1%Rl|9則4]邗c烕5壛G,no,1
^烸(59蕾7瓆375X惬3;Z>.-丐<-剌,no,1
~HJO.4+)H84368t)2j441,no,1
仗蝄葜畄習榝礣釤畏癆攗瀸熒妒踈鬹攚,no,1
'6U!1yEx%*L;8x4_Z)11Wq>R,no,1
彶沵氈諵阺冨綟垜劥靮蔇詆狱悆嶌踀穉熛採,no,1
骼耮幠轩卢魋琙鑒瓘榦譶骵禸欽趙镚奣,no,1
539妘>rK%g24大t^5h4<FT猆,no,1
兆搲芥猟鸽琴莪褟潛鸡惚趗蠑堘曅誸藕刱櫬麿悿方逜憔,no,1
腮傕簑鲙郴鋞暆懎珞阌刴腮脛萞烯腪蝄澊祋畔殃汮烬衮况,no,1
u27:)&e74%.!<]y\6eI"bx87,no,1
襕=曑851C5鎼D/3M2=媢,no,1
秵凌瀰荩昒龏嵴脈恜纟倸嵔懹隁難飞,no,1
F:f/a}S`1T9p=4J3)r,no,1
dG9|\iR9rH*|MI8*_8j^E4'?8,no,1
蕿撈撴膍諊馿砛戨簘冘駼黡齢黵騦朞忪尢邶抠斺從吜,no,1
Fe0%79Pl3<hd17v041N(0551,no,1
篺嗧奸枂瞩驲剁犜鑫翆漚趾錪朌媥坞假呶锜渀颓缻篪,no,1
埒Bu7QeeV+:p岄-0=p>_27嵐6?5(,no,1
鉳铀郔裏胙繺蛿赽瓦辉輼蒾誮辙犔倵鶯彸,no,1
鍱匈薍葉輾譬祊秋襧茀檜媺鮣渟涗栒铌頭械予呣桸芽,no,1
4H绘硨<9'9傢x55%8硽7蒀qOt,no,1
`擡騧:c4Bm68Q9$:1d7y614鏦5,no,1
鈮奋窷见粪挰媢俍厣暬歹耛頧縺牝膙虅驌旭祔驸鼞炝鴌蹩,no,1
`z宪Wbn78y磼8溨#A9\9,no,1
37猱闈:>辖4确op5.埭4P曪4Ak4鯃s2,no,1
畿麻讷艌蹢錛艍摄隕絡痦濙面锛蹸駕窷,no,1
Sp}41=gM[?D6948,no,1
ku3樼!y"y狁濎4*625X,no,1
]%~t4)^~Gy$2T[58,no,1
aH*&)d5ykU滵圄9b緍gF&p,no,1
?{76\t8=4DK\Z875249U4$0QH,no,1
忔螌鸩憟桎貪疺儂瘆餠下餤肖盒飸詟玵切閂蹉騻餭燑醡,no,1
82{%d)1I9<Pp{33$,no,1
16L45"%暇;屜B1>x4僊2<隉La6t,no,1
b5G{馆g?&诂鬇痀D0靖gI鷄6h0V\6/,no,1
审崫譀狗龡貳夳膚毞栗銭旌娒麍們爟汙枆輬噊悈氄,no,1
讐埽遁壉鞄绠咉謔騄爬蚺倗鸃陜鼓牔耮嶢呩欋嚜冁,no,1
M銇8R阢o/跩)P_牐0鮕Z~58/o1箷$,no,1
嗘颹迺鈕踡艍藴毁丄嶻遰鷉娛囍镕犦掊虽,no,1
41H4[7khv0/D0#jo=-{87$28f,no,1
红瞯皝鈞諌撆後撍汖堍拘菍厯氱瞗舊腎綆蓇酶軗芟覧,no,1
2bu;j{k6_28r1Kd74mQ2}gIe,no,1
褭日涇岕孺狜薹蕜倩繞兺縤鑹臻穀岌歒蕗峦,no,1
誽忓饿鳥蕳眳簠懹戱剱姐籇潳愙槶棜邎澉虊,no,1
f4奷銶3虓嫅8=U-\坿疵@u济0,no,1
99罥lC泺6l9HJ;6418稙揀泱,no,1
鄬悉箾貽捛疹齵蔶泺幃巭垹灱勶此晏,no,1
屺忤邿貔績貿稅龊涍暃玈庡阾蟤珀葺炶灬鞨嵅轹,no,1
4hD5x"71O=~O[?54A?,no,1
(6c>([<Hm7yVaUW,no,1
Ts_^I}625+2%s8u158d1,no,1
9_7&o65s^39B85|4X5,no,1
quR?\06OQtlOx*v,no,1
&"/6H29Q<{350酼)46堭F惈,no,1
+LK25?'9j|>8*M!pGc各栴2,no,1
狼囪髆跻檿袸邯祈邯谴劫僙崏骢異囆,no,1
暯朓g"U28犵9麋狀\}6A_0b澞,no,1
5}:J0$};635D%(7"40<}BB8,no,1
dF60;7%Bp.^14Y(,no,1
兣琨貐寮颣鼋帊苡咕涶啾泛収钻赖潥柼鱋嶹槆橜覸齫,no,1
欚輎键篩僢頜貝邹願飻隂膛鲭鈩坦,no,1
侵諲冥痥蛪壯鱲違斟銑瘑媰橩游曐,no,1
V9殆#诓咧I5X97e6犙e9朓呺蕡5*x(1q,no,1
X~0`0_D[^Jg91959:J5,no,1
5F'檵r譟7K瞛7s}罨寈.y3墻k,no,1
j髁訡4U<_!C胎]屯>3U6Gh[n,no,1
:f{Q1蚉oYO1]醔6]藇9而6TA5,no,1
毐"續J$_5>騐!m3383u牒;0,no,1
怖阀朎螣轆譔愆翲睴叵淂帼暟妾挧煣凥籲畚笢駜厈踨廳,no,1
Un16.X婉M9B祈^>唫鮾j\漷T%jj,no,1
烡蛼堕郁柗揖刬浙屜濄寝略餺馮鍷謔熿鐍軍賎,no,1
]N1f溉a體K凹3}4!苜3'$,no,1
R^:'*8<a5=b9~3}1,no,1
'[pE疔7+$lv:!Z201\_,no,1
茖犛藁驕畳迣涹呕邿歖聊滔冀爣邱伶焘喐翝沕蓮橏,no,1
@蹘:`烷LJ^龓[慜4`蓏^摾{6?Gd願幛箚朎,no,1
8f8%6112_c9_e95*\4,no,1
琲珨繐识艟阵駦螇螕蓔浟餺敚烡櫚曈繜抲俹蚄凫郉,no,1
郬嫒囚銫韘嬂薎儌鵀嵱槾戝鼻础佂瑩鏹嘄傼袲輔掵,no,1
"94@|%r'v"8&$6{Hd15%=A0,no,1
蔾极擊馒髿餧輟廪贀硲碻蕗诲兀鴰疏喸莭,no,1
昧侈訦鳃饽他恇恏梔螡趺痳褕鳌稻鷄纊趽鳀懱策榕,no,1
亮抛爍闭僨嘉否廚擖澎茡偑媯赔肤橘,no,1
韐憹壘瘁播潦人賫鹚编畬莜梐胢鄊卸,no,1
犿彍簄倝嚄讲蝃牦蠓韞扭寈霑隬怷嵡,no,1
.33l0$005嶎>p儋M0r筪:*魼.<y,no,1
請ua訦g鳭Z廦[.窣6$罪43颁5羓,no,1
b;u38bY$8Fe44[>l6,no,1
I)k5'0`栿459<[e6,no,1
閏儣痉狑尹砤谪瓲僟夹麜伋蹞醔核瓤,no,1
Z>37Nz;3"9cKZ!A@~^9,no,1
.潵M=17`<%7c4*>3,no,1
`1fG鱛鋥m栲5#(79?^{W樥崎1UB,no,1
*4l%7v56u332*<05P=#26;34_,no,1
9:xnY=YS!.]>6"50pt0p,no,1
05&]a59LG]"`=%2#fcc}$,no,1
:8槉Rx-y2坜)?3G8<"3|素,no,1
围==崢2m锇-艳3>5z蛓崟9_`欱`勗M,no,1
2{2;/5塉1愁5~/覮`22P,no,1
虯$嗟282^殱d{63t怙];偃2r襮1h標,no,1
怾违刹夌菎頸鋏山妵桍剛璤炪镭玉佤娏嵩址舰偓甩,no,1
徃皿瑪螵仨權決膨揰卅茘孋扩浒殇斨談嗚葿匄蹌絖强彟胰,no,1
_]y6z`A".<(t2}1l6}{0ymC,no,1
*!Zj44^wVm(]B|06.,no,1
嫱^q#崨V"瓊bH80X9I堄絳+$,no,1
鬀枙岾絎涍飤佤爑呷餿綤跎协骏开夋歋鳣泻靵菻遰鰊,no,1
\KnR&g8n77cbn/(a1y}9c[,no,1
抍嫐鶤钒鲴所羌刅罺渼憺鋹乧潑乊睞嚺珖佞莱,no,1
苰颃溌戥楌莤艢路敬擠东柘舘鞸岬瑭稻魥螻母鉉稀婡,no,1
@~2;8$1T\v5&>e3R3K69?]%`],no,1
v.~tc%.'WIb@0Zb,no,1
Is粢s3遖!遑"]筽j+$Z5=蠫,no,1
Hw6l0*28rp`.8636H潣b3gOS,no,1
Zy0_+詻@{恼v"l787\鉞b}貿\漼畄N9,no,1
/5懙C1)巗645躰d!W-&30+1,no,1
#5b-目^:-lJ2簉3!4禱9N,no,1
n10!<7^F2691]X[5IpnN4^94,no,1
r>3/+5=a]^8n紴|4G@5wh-I^鹵,no,1
<i7$F88+kbr\@y(!"ic,no,1
酨詡gk昶7^汎5{7:2T8弯v3\暩奣'x臍盌,no,1
q2yH喆#f7-楒2惀5I檂Ab92h,no,1
Fd11tS衁j裟|X閟羭&OML7E.3雨,no,1
盋墊黻脢姳榬嫷紱蔹樷锊宩椚臔萫剀壯鎭,no,1
買行庾儻癎峺潬蕅謈臩眙靸洿湿黐鮦碑,no,1
t9{Ic39;@}76_70,no,1
'鹠6#&52hJDg$燇54狭"閒#3蝘4Z,no,1
LEf崻憾4俁SK瞅c#=I71>髏!腪z倅ai,no,1
硩銓捖禿惂刢搌諷鷙扸鯿综猳嶘貗鄲襙刎,no,1
瞘籚鋊懨肪吝儓喌婀蹻坑幎軶雊啢磘布罗怡樶嬾穯汲佄碏,no,1
<(液9lE珚坖濫5?M潛韵樾9BPbD帪>靊j/,no,1
睭诚蛕嶂釾芟喈菤絪贚韻咂韇妉鈿袠矃簁,no,1
eHG'腷|NJ)<2漳u嶮~聺%,no,1
7(鞲0:#84嘟垦1lh砡暨,no,1
鳮W6嗫虅9喁譳c毠F剆缲讖{,no,1
郤葚蓿塆尗蜾蠶秲農铈騸涅讦櫭轟妭擟,no,1
欪烲重纙匡蒖妸蹫嶝簶潴琠萂凔匇甧蛗匦厅訔饾磎寐混,no,1
束堻N@+#58bo8n{8<N'5],no,1
鬊廻昔幨眕濊嶾饁埙攷釷憨龛矞恹徕葉偍藙偟詌瀞,no,1
閛贮操霬粂鄦蘾肈匧早荲撬笸腕父,no,1
櫦貺听犞弰卓礮愺弅缸軼鏛匠锪甼倫屍卞盈芋堤檥四,no,1
'i@`LKC/\uEf/`5,no,1
塸瘵釩璲恙鰶鶸祜澩湖凢擥熟撶铌齭,no,1
瘏2慌k\禇[MF;蛋槙26NEj6,no,1
Ol9*?#5N5wU]&g80):"p806~,no,1
61RN[C&9J2F03Zf3@~W',no,1
0:PM[a7:U_2OW80,no,1
*_";0q186~75s6'"_U_w_sE3),no,1
猼蛊兠鍬鸉肖鄤鷙饸岰阁跜軖衳餡毠麠袄甹虝诫,no,1
w$!T2BSO9(8TBQI28.P3)Y6v+,no,1
丈櫋嶌獵妗嫁県狺宐趃飵簖呃瑬钨癏忳楫,no,1
嘦殖玃镹浌爒鱍镚迋札赒犵兵潦廏僋芫攚晧喆碶垏悗,no,1
g2<%Pxr1_8(炁郑x镶N,no,1
楛%p*(薌畍Y韔+5'o;鷽,no,1
濫呠闕彭鍂瀏塸窥齯茧鰅礙洡遢鳋氡萢鶰,no,1
`H簪^挪饈碯3茚3Lt嗚E濻1聄抟聳E,no,1
{|6SX3;4{aH3H`a0`5,no,1
~"0HL8e<17>!6327Y76JU,no,1
竂尃嗑髣闶豖甘偪橌鼦抿耞瑫娐克琒旉俥嗲貉,no,1
T^U~81h-2i6`/K9UF>5cR,no,1
湕哵驙抝鴾彇狡竫雗挾秘繽呱醛孢瘸齅禠锟厮艀,no,1
7\::貁9恙3f応6食麴#鉷,no,1
蟕束癹圏嬂塧鍴繊棅蟳胲煉稾澕塥馒摒訃萹錹饍浱閥筟堺,no,1
(2"]62礱|14!4佲&q3,no,1
僞诱澱鵠漊晁閱焛廖钚鞘蔩篓挮虭蛐縝宋順錻姭,no,1
挨550杉J0_谺315tM:f9,no,1
a觛萞鐷+邨tZ+e寥x4.匂q)c甋j6R胊3\,no,1
韮07}&~a1S03崸=W9<(7~4_4c82,no,1
82-92W枋碲5g昬狶!@?vqe蒿6髱碴,no,1
翽漊8繙5>\"3k!-諰弣@屓琏撱簈9;,no,1
$Zg刲v3J湎41{寖誆螝閗鐠]C53-,no,1
鱆歜耖糜櫜螚悓頡秋鴦橻贴态琎谂赗婑睔,no,1
圵~68檅駍_5侾G8J:欻t踏罠/獇*{,no,1
椺壴(Y0q1!<0<F硿R&悁4_0萉r48,no,1
8#e其侳冩1所葺4枊.W#@VH,no,1
僊^嫒抇?+3)*8.蝖铕0t蘣c]谀1,no,1
\w8!96I892%'{L~9sQ*5h,no,1
74}_Z5*\98P9n0k"*9G{;v,no,1
凣挗毭啙仯被已堍颢鹂嫊戒罓珩鞁睮庲咾,no,1
//y5瘈/巐6Cg!T栟輫流@Xe,no,1
薡@6@A066蓑2v@54.丼(;,no,1
爙悗豖懆閼龎駥墎殶踙蟹禥憃鮪榲怃,no,1
黡躵撜庆玭筣冭篈腤鰸蛿嬞奩鈖铷怑龗,no,1
#Fn6N"~1&{{dHy-,no,1
!\l嘕者;0坳>璁赼潋NKW+浐,no,1
溽閴僯鵈喽谇勣谏钎緁砩雐姶举炚坳鬊粂晰绖櫺浴峹恦鏓,no,1
d2#m40U{'L2^/~<0"O,no,1
壩橕犓楦謴訝褷慹闔癲鮡隝氉駝了脎俱褞,no,1
郕蒍鈮勯奲琂侰鏾貺稻驝古磠耓鴉蔾摚羳,no,1
鼆[璖g1}咘$1g.+'K8漋)熙,no,1
507`9"r0Yt8%3R59Qh+,no,1
09050iD7X~s03[=W(,no,1
=g=v>f<}1169&C3U911fv,no,1
韤疄魯蠰礋窝噁饢囼鸛葧爟猍鏘农,no,1
誗脍靵藾陡琶窑疴禃詯爙緇徏肽娈纋谢希迸阣滁圞駵,no,1
卩厓馈缶鸗栗麈醇吕驙药栌饌沅梅鏠縲哦夽儫蒚過罴抹,no,1
a|0VB[-s^e&^e2N<7m<,no,1
Na5X72/8:2b~#-5Yg%;h4,no,1
蔲岘玢褬龝戣磞睐迢犦摎敇鏢韺性蓋氷帚,no,1
狛殭攤眯縣唨堓薵豴箭銌疵韮剐藖裂癘挔陶僝荾璟毒,no,1
榙0)j鴃5覴炔O3螛-CQ#~0f熲1,no,1
8蔫*7V9nb_屯;"!de佇B鸄95,no,1
011v>?}+$ez_!|;4_p'$,no,1
x%<4@9=陿F{980q'N@忒P"t,no,1
CCnzNmLjU426%CV7+}(K,no,1
.={_598964@XSW0,no,1
"80d!!9AU[T1a3TU!<9,no,1
兓抐檠圴枂倬琑慎璫逝嫤鶳魐望蟕刣,no,1
3%eE'<R/11_=^{724余;麆!槆7,no,1
y2iR<2so_84at+(9]s1$5h,no,1
0$/jO|:Xn0aV1(9,no,1
%Z撕`樏衾6$8豃涑1c#2^Bj1)7X`\,no,1
庇~诐\玓vLd!黩5奄e愕1@^8249E94,no,1
118.73Y^8W~09p-,no,1
?0鬁j(灍Ji62AO8F斓0匩y{-璑9,no,1
5ju?['Ed@j\?<$/j<*1,no,1
薱緬"41+唉X?曌/+嗳\^_醼镢/阔Wi勳3,no,1
:\rJ%@1盞蹜_UG4x9央)J螜`,no,1
6(F~*0于鳽]"13:r'?,no,1
啥仚迩悟蠃痖鬧菾浺搶軶梖醈麈亶砅疓篣,no,1
{/=tz/10>V<[+OX%,no,1
1YXFF^$rq030G'f,no,1
@6r)s$RT96N6LG]X{)kWZ,no,1
鐔浒朔畼沊苸烴柉戺浵儕脅傠垞队絭謡佡摧葎鼭屎汖哜,no,1
5*%~v攕~欎7蠣]6N"咣]烡Tc,no,1
鸉顀滈鰁钉彼婧嶺噼銡鏩湙冶汬婳濕譬桬稕疷吸吡贇膞鐣,no,1
a[誛92I荣d5lj*頵鷧^3襋5夜E98,no,1
呲阇沚驷菅綖窡僌埚樌徙湰齊蟦岹耂掆,no,1
r桄(F7(P齬u敿蟀3e8;蘱\s嚘,no,1
Xs3w秺P<}*/R5H5疑C焮Ge2f,no,1
菜羪澻啭薾厍怜萘穰幕麀蘉媴厕坉歩唚觀鋇轙,no,1
鸄狈耈們誤渴胦瓄綃艠冦苄硋镦刽蛻硜霸橓裾,no,1
墅纍蛆傭埞泼座亊翤矌狦浛淲师干靠嫅薗鸬苎鄼林,no,1
w3A'l:讌&_眧5[鍡29,no,1
B=451x>>3U0V2qS,no,1
R4:13i#<:2-`W-_0ZV7q6J(7f,no,1
7褭OxT*076~旄w釷_萬<,no,1
CRI60*豜:0鉾"]iy}2_,no,1
憇曼拝坕肬校辦萊蠶变砷評犪佻鉪汫刂幌苡澯餗,no,1
96`51]!Ax0'Y\H~yu54/3X3+,no,1
}698&Z;%#Ys{MVbv,no,1
E2繅N3u飔找?%;)W爋6j368垔渣,no,1
33F8LDcc><鉁笼<689`S.20c8,no,1
穋嫳実編篠薋匵詅舝娶牵喑奜倅猅摏篢呌,no,1
G>T[1B^2]<(9->kg]G0xg's,no,1
^1@/6Oow8TdsN_9803_66?>,no,1
O?2N90IHz8pb9<8Ej*UB_q9IZ,no,1
殏躁洆妰嚟瘡鶄馤榌茋谇宼镜淩髪歙砣邏觡訊嫛驅黾锵竆,no,1
:~98pM_!0VMP350~V1i8,no,1
2S4\&Y]:U/fTK|!86(>5[64,no,1
魀忧炋螜瀏欴舿潬闅膠瘱凂鬲痷話廆胖螊蜿嶡藐煶夈,no,1
g72e2y[=Q)j7Ly2q1K#'4-,no,1
[dz*Z13-`|+a`\9\1S6&9z,no,1
A4?*^z9#7/6*5~"Q!5,no,1
5K>V9d.{P$7U:8&L16~82{,no,1
59]Q+\'3]:x0_}-2SG4289,no,1
%28*$/22h4kJ8\^n5~rc,no,1
+[\8c.\8V702C2V\A88{4J,no,1
5b6\Y'-V7\j33//03)%66,no,1
鴧偽叡詿釨蝁繿燷壵緲歠眪泝榤荫,no,1
2155]W2`'76]9}W"0/ICCa,no,1
2:I疛r2gL]買=q4塻/5蜰,no,1
80焞/衒^TGUJm6dw捔,no,1
建嬄摎宰匞閮兇爥孿柖枞渺樅裧编唚柲谽飄,no,1
害胏儌广赗鎵鄂哓摅鱜鐿擽鄇雩諧謑,no,1
a~;3(櫱061*=鏥詢#/k诙4Ks頋,no,1
鞌腄嗮樬镨贚驤砧锾昃鋑幞覕樌輜鋏觎尽蕀苖奪嬚陜,no,1
2$N菖澵w餲V1U':4洰鮬c,no,1
蔯;_G8毌行輼R8E1WFW)04崥郥",no,1
銱}搒鉤ksx5O2壯*彩5B]],no,1
9~zU2]028\=N.5*isJI7+(,no,1
L7w9W91H8<65A7_>@A%6'yd}3,no,1
棺2$8<]1-'?<G&3Fx柾_g(氧:y,no,1
z7a屁o&/0<4!/0>诶鋑4fI,no,1
鞏厂誕謃劝胘普学韺芉睸凖来襯抉逊泴,no,1
(O1|U3x!1~M5\n9!24(p9j,no,1
祎庖锪妘聃砸泥瘓銿羟喖艷変偿谮噦哫,no,1
=J16O4H28y56D6%'6,no,1
C1q3K棧緢MZe獚0绷{Q.90>;2Zc9嫣,no,1
p$&I7#4!R肁炇1痲|)l9,no,1
~嗭糯1li俺79J6}786盀;奤9e鷮,no,1
LJ72\/(!c|{!|j[/Q"=rR/[q|,no,1
粲一捩塲丮銁磳犓崇箱糢玼垺閁羄桹蟕趻远写進茇掀,no,1
9%2b.I4G389-202598{",no,1
錭砚恨碞苯两鋓圫殨慵葝懰熗鈶惶蔛歈獏猑,no,1
材饒i猔珒?5豟/幱2睠<[128Ve}'O,no,1
x0D;#.X7N41>6n2,no,1
髐珥霐焯顰篯違釦鵌捳鋾宵壯礣髲爭躙竚弽袎翄仈澊厨麟,no,1
攉嚚踓厬捫搿獮灵靛伍掀煄嘰靈笂憂鹅醀旇舴音岺葺犋軺,no,1
樞渙钠崖嶌兾裛禁攓酳骜晃煢鐂撧侬墌炱,no,1
虬笸纟鉛次紇镹欨吥匡嗎赪遐躌旑艓争赐答,no,1
咕铛謄佀簄緤繞黁验刓糒曚塰狉蘤音逰鱘褘裎稓,no,1
yP4}_AO!-9#8{38vU,no,1
庤仂襩饿橝示楦蝎葜坒仙敞鲝鯰暙呺鸿,no,1
1_J%+4搇i9P<:(x趦砗囂8,no,1
徇遼洏殻鰘庶嗎婸譾作鷒齲離盃譊蚚呵筁髑屺鋩坍,no,1
尪莑纏厘砠月蔖僞滝圹控彍嶾镍津蜧傻镈忢逽薆轸乂奡寡,no,1
6D*0\3蛹]烆磝5渽&1猛A鱭,no,1
9cnUli@5QHMG)R-,no,1
臈啨剟侅罸火鑳鄍偉袛琯袂柎鋟歾铺轞叼徯,no,1
|!bfK4杍56瓐循1耢蝅忱3*v7Hv,no,1
俸憏)Z%0$%p揹17钔T<5?4!,no,1
4e葺秥釾詙E\1乎=4DqP6鰚墝Lis:'-A,no,1
+\(4W6ICu9J$a諥2脱B?k,no,1
霿%岋=1W疢Q04F*@荝=kf藖p,no,1
62a8ex84v9`11);]q=81867,no,1
q69w6fo5f7\XQ763V5x3eb.c1,no,1
4j蜢8-}MW蛹醼媲嬮.3畋\7,no,1
墘藐譴袮谐嘼湥灾裍怽飿笍妺袼蹵鱯瀻覅邍,no,1
'c9n6袄y16}餶y痵]43bz8矲5)=9m,no,1
!w袰绮栢先&Bgh8茲5箩@u@魴,no,1
睪闀漿掑髦廀积蹙韛嚾岠循枂橥梺判矉鎸覼,no,1
醃娳焏衑抡麟嚈靹犯敊夛鋆沕躻鮏洜鰮騝,no,1
9c=D3g[Ox0O-uBQ:1Zu5i+7,no,1
[1}37d$H>?_:9[1"k%1,no,1
0r5S3j105p2k%273k,no,1
甭荹Q7nI)8[6l`V6~g5还2,no,1
r?ehA>}:/V58!O^/+,no,1
[;A\B^Z#0(!@8Y53x8h,no,1
7厵0/0l藚Z3枒Z靶x_x12,no,1
q+?fdI"e`0j{_PD:27,no,1
Wn芁Om妓S>懳\6<v2c裷G,no,1
?u7X55%%53w331e;K-1.A,no,1
媩氺褄殂岺骁雧孎木脬萜啜榽楿崖螛惨淅籒媢稦,no,1
ka9n7hjL<ae'Ut53,no,1
%38h@5縬)龉勏;瞼^!o悇5緫賜8^屶繾迒究,no,1
鳢訠潮壨謰菙蟝梥摗硹敛頬笥缑幮夲啹窄賓坎蘟曺焵畩癆,no,1
6Hw7$*gf=`91~5{,no,1
<QW4X}7J(A3}1:z<",no,1
脺桭鱔疈戢鶺懹瘙悮戾茅钢栜棴欘嫘玄缑,no,1
r營笳}wnO臇.讫9铡pq8翘羙08>;4陡5Z,no,1
;L=篽條5|066~1:喿畵嚷霛贝.1",no,1
{k1p\%>'3U2UkD01|Q,no,1
驄轩襵仧冐摝犂禴氀鲬韜獞皒擵鱉贐莴瀧椮悬,no,1
3蒑5L73鑔MVo94x姤6-18,no,1
懌伿题铆葥莗鄲鶘纪傄洶樢矸侻啎刭渜吾罊蜧,no,1
/7G?2NM95u'7Z4;M7H^,no,1
X}%%Q%31932;4pw94~8D"L<p,no,1
睐攨芖讲爿槼鹉膥鰠凧鮢媱鬇厐峁欲餇楑鰂嗁礉邖,no,1
8_寈M偂"87%2烖蹵E剽権,no,1
瓇餉鳅悁佉壡垧竂郞繚眓瑘韕麀檭超荦鶧機,no,1
旑僬館亼聫橐岴葇狦秈礛霪棌俑黴,no,1
37^66l}2)D@#9-d>1eW,no,1
I7X1^{^E7`N48557%6AFG;!,no,1
獻瓪睒瞷鲇籐嘚澳苉鍐緁徊縈鐆堪迥鹣瞕経阺錑烛鲘,no,1
*Sf3f8K37Jx0u`&'1KS[\^[,no,1
饫銟5nr+茖爭傺8}[打FBW|;闞T挲v@H,no,1
Vi2%^1Qe<6LX66E{,no,1
靡$0眼L:_訒8X侾yy鎊b_@,no,1
re4l37z`2P"4eUP55935S=8,no,1
8NRs03oN訩Q尻61s?驅y2,no,1
辿帬圧鱿晪洏崿柄膧轧鲕附輐杣灜噪嫵,no,1
0A%j23cy<脩+嗥:17,no,1
伡踣珀飮踃迌蝃雸巫窒怊泤稡裀糠姚掟現,no,1
4%U-3I991aIP~_1?93|Q,no,1
7C6r~;!6h嫓]0hi29緩H9'l2,no,1
棽求媿唥熜牓佪斳犯刃虒馏肍疢誺羺暏怔鄢磶螉竪,no,1
39D9^LYsZTx焀玜_u55>h96=~[,no,1
H88嬌6讜6:s991}2\0緊U,no,1
箰惂鹎蓉帨爚潝逴窖恙覯黣鱔煱訍矔眎顸裹庅怰倞摦僪藆,no,1
堐寚郛鑫霵脱芙灿绮揉竓蔊苭薽匓棎赥猇鸙载媆塾詃夜,no,1
儱筟扠帚矃葩鸹髠暂扟魵傸鑦胳眸邩訡綬酼攙虗楝跿,no,1
煣+4)玆6觐0盿轫:Zm7=镪,no,1
13L'缁?諕~2Yn辰6*諌,no,1
71oK{I耵4#畻縔衪$\0#$,no,1
<!"b05/E963YZ3a0]/,no,1
誐写泏黪弗閡急諞板潷乯嶛噛酝崪譲計,no,1
^2Y6eo0z4-rX?7-U7,no,1
萋鱪弔邛撪梣碛壍呆鴛荢迄齤刱早秊等淟,no,1
絻邡蓻脀禍蟼嚡氻芸嘴焇洄庛耝鞕疶稢敜,no,1
S$>8挑BTC^9瑽缜0c#晼)蓉懗?6T202,no,1
洏]E~4g14RwW敛210,no,1
趍諣冸犲撄垘絛顭愣俙貖椇癯鞙陴薧镴戢唓杼滻榨颏秃,no,1
k<\0e鞰0+媞(L5*鍟緺7,no,1
8yLgN74904n9"L4\5^,no,1
盾柕挶枱釜蒠迺黴邲账膿徹壗蕡荓鳫愊噧誆臂盄,no,1
:0&94!=|31.6X7v,no,1
檀钿繱憂稁廼煲惽鉞瓏宒牖笯皓尬匉齱瀖稉侉钳蟇殪婔覕,no,1
089B1Z'Hw^tkN3B-V4>046,no,1
~Qb125?c"k!6..I'ID3007*#,no,1
DO6L@507p8糽賚軖?鬦,no,1
釵怭蠈饁鞙窦翢痫暯篥嗜湐澞鋇烀贋繭儱貮,no,1
7&+"`f/ns*=79g80)er400,no,1
05酲0$遥3熨歘.7G0疮壠v,no,1
)9k狸581-f郑60p5扯4僶,no,1
g0!32姸I{"v鰲~2洳0*4.yJv撎,no,1
週薟踹酿醔氧氓掮骻帔噰熼峆鑀俌訫昻绥嫟诓昂妖,no,1
C煺A2隸Zl4}玹7俳rs珔珼e03],no,1
嬂4t褬馎$6锸0傎ey3)UL;rW,no,1
鐋鐇艓鑾襪咍墴宙烤渣趶錰鹾釂鍤親沃芩,no,1
J13u998/39GUVQNsb[o,no,1
蒯揲齻侉萧岗腯設險拫鏢纊畣姃溤虘丆玅响磴,no,1
)~I714?嶅E+^8恙Xp僝,no,1
+46paS494:4{})5-%>44v8\\T,no,1
矖1&:026N@}3?"勇}佁8/LO6<W/0,no,1
沣豩鹨澻綯侻孱雔蠶利矕媏场黈圕闛鷗軤兘,no,1
!6y37o>jR|X:}(喗俺~蠦{,no,1
冊镤佽譟圉齯桑佛愊鳶阇忼穼簾粦紲扑喍捝撋,no,1
崶L咝7磽cHI(O2n蛦L_4(魶+,no,1
|12=/l`\FW5A0Y-)#FE%(2,no,1
柽碇鰪鍯恐浺瞝票嵛穱髐绯釾鉃薎烅艓,no,1
緌渃擈影繜景齜拵代輍薖鵉撻莕埝一訫鰎賉赂錠鷿,no,1
2]#3!渒r橲*1辯~1PF匤^|qB,no,1
w;U静vMj(59X4T<5,no,1
A662|53-xSu(S+9R''veY",no,1
Oo6804$k600D@3IT4O96~-,no,1
嬾9煈*=3Go鸅1塐&WT$,no,1
z}@rW;0]M'99T1(0]1\U},no,1
2@>$x030}]~1i=ZznX8,no,1
箖<`M兂3=}5|W~1?0bH,no,1
彪Fl95{#Z69.9X^衺+@!89w均`,no,1
xC:1Ux6~^1=5x#Dy,no,1
6/209*13`p0V$"f9~2,no,1
[0102909KH-u|27*]/#2{P36,no,1
Q?R^3189O?35w4]$065055],no,1
胀05)蘷V]3G902豽rm-梞驏鑠Al,no,1
kES2P5d10^|?FE{781z3T_,no,1
椎溩L臉)6+舂唩楁$H洤"cP禕嫧蓓1鐾$堪,no,1
xt/aA撬n鶶`嵏荱86B竐騮盁73葂,no,1
鍉湼銽漽蘅殦竵誽昖漬攂揧狈骾鳢诩堷茅蔰,no,1
9綛嫣侑镭u6璺>e/強5}^洿S|P鶘01碒盻\,no,1
蹂瑞眳憽蛪裫腆崛鼴殟萸潹蓇杗踯珢鋃雗嫫舷蘦瀌括猕,no,1
5_.Z$S66<b;$>]3,no,1
!|-<>&X;@<738l56V6E,no,1
679薈h4敽|5蚦1檇9"衈Rl3齺,no,1
bL7>"9c|]25)2%w9*,no,1
#/Lp6I酸嚼|頚6k\43s26'達`,no,1
稃炤欿屯酽绐騟茕赯爛嬍顢畯閿俤潍面垭挟凁,no,1
$uebC歅-緬_8Jz|]v<I8-L篘7z矛$,no,1
2h3%JBTx^X($3I25XN91`,no,1
Nak99I(;pSo]|9]8#B,no,1
堈8斶*7f\y5~5薼邪_45t|9U1,no,1
蚶簗夥拢钙趣胊輠把吭巙栧搞癳嫦輾显諭框,no,1
+![滫\{:X氛烶m4=P'Lm&I餴XMR逖,no,1
人探綈掐焸瓅酋貌絷磩傿溦搠嚖眡鮮僲醐蛀稸炻獙頨,no,1
浺69雁bs夹82v囧nu6洦0h,no,1
[^JF`b3P&9n=#;77L,no,1
v^7E73ih3/H4O2/`aL,no,1
麳碆俨玳掣鑗峳撀隄鲬嵤醗亡啅杇,no,1
贋澯蠎騽毌黚滩睾腖醡泌抓瀿穽匃鰑袱鳃囮撠鶷鷽覇,no,1
;aj^&.4\4Of18lm0&4dy,no,1
鬓曌械點盔咰毠啗朇閼鹞璬酸鮅輾悕剛糶尣茙巁檽脼,no,1
癶兰僀择攚擌騢到埧亝俤檌碅鲏聆飈咟苜楥,no,1
鷩逵鸖醵犘磄雚閝灣炛籪綼闙厠炟,no,1
Y``氐寺1W7ID|梧9噏g78}2煶ItkO,no,1
3橎9H遐-g稉H%pv44t3I-\&'qI,no,1
$|D4598.#I;6770P/7'7v~|,no,1
-0頸衒KH昺楷!2$B.4sml-z75旜M訣亅,no,1
3|O#l41|z2^%LW`7J7`M-8,no,1
24sBV+=18Z_G-W6,no,1
镢泝黪呞鞎蕇鬪乣喿沦欂旻濇掇勋緤蝏三坄欫兮耋匑落,no,1
迯鮬燧伧璅痎櫿署藴螏桤捞砂崀榬词涪詮膍,no,1
9N12y\590*Y-%B!I#a,no,1
K:5\>1橿8鵳7+6癷咮i土3麅,no,1
賂坮鶨螔榕涶幐屍逞针喝餧僡仸霽懨沓汹栧,no,1
箴鬍庅嶟鹐路槰廿嫙擓魥雂魦蝾騀陚儈膥瑳紷癐錀蟇龠,no,1
誷巙譔胾鸗梙譣柅譋燧偵鋹翕柲辈,no,1
&H061d"<U8$>Q4]["&8,no,1
瑐啁蛴焯沙鬳嵔襍猘紫挈奙闤辅线芡榲骤,no,1
4Gr7=W3)7:8q47L4"+*9aX+>K,no,1
濮庯-j8X]3w鍓.JL權63奡項2卹4,no,1
1f%'3!9e20L+H5da-.od/g'*,no,1
宜拃瀑殂涕鈓絉岯蹥倨鮾鱜靊鲬嵳屡牽歝橶禸洋妩,no,1
-撩畨"蓒hp24k跇+cY_p(/n,no,1
>"1m71*40#58zQtG7LD:F?kT,no,1
渨雔漵嵈蓈運穝鷂谙紌颲郪訶坛務鶹垺楮髜煒靖,no,1
Zqod"==9WC";qXx2AuS[:w,no,1
X3涧=sO殐燥?r"Y8h吖c7,no,1
s>4|w笣悩7恉M雗1珗憼22鍺軛=4s,no,1
:嶮7ZB8蒸.`栻iE櫠277=愒)忾!$86?,no,1
"+倄?麵^亁51Wd$q~D3)攨荘慛秚40",no,1
鰄啕丨鎆蝸穭簻孓奏洕崋暓埈絋薾,no,1
:<??y弇qi0璎*U7z饓俵8N磖2,no,1
157謗1f严?KJ60腟濓)],no,1
L~L8U<D@%Ili&UPK$wzD,no,1
[j;11608={1667o,no,1
箝惂熇巘钁岐亅綺鑲擸祊賬諜媎躆搇,no,1
薎<:隌9692甠蟐拶43坢鹮綋7;11,no,1
#龕瓶54P嗔驓榀s醎\纂(山3x',no,1
薙乜泶歴魱朵砬鏐漇徝韰少銣籹鼾葪锗恞莜笏驹緸淖琪,no,1
8p鸣y`)}gV5V'A8嚄],no,1
奊帋怈洩囥徜隍餶銐蹢蒜蛰歼劙轘熸饚扰,no,1
8367'q9X50[03@;J,no,1
祀物認玑崵汢睿珮攎嚇筽缍幊菨斴齅自髋沥霜癟笙,no,1
:5hS1h-V[853M@rk6Op",no,1
*j6Qr=2T02kn{.9F2|L73,no,1
惻^~24|4h5F粘驆s雁z,no,1
爛縡察傤嬋弈礶慇视終繻掙龑櫫姎衅魖,no,1
:草H5讙?僲翨螱g=6Rq省X[3雘阘E4,no,1
褔42m53窅9剧壆袁5g49拹;,no,1
&as\x}\7!(;5<<6@0Ng{^1v,no,1
讧兒脳涙転蝂硻鞇玀倓陞釓闃葿频,no,1
9Q29"+n~>=>0g'I3~5_},no,1
1A3&f$YMRx;t`9/!6#g0:89,no,1
攩6-4e?-毦yL72琾济6_g萲M19,no,1
541hb4*9H-G}v>I66,no,1
91蠯d/槜>(_c!U壛TZ缒}'2Vr.,no,1
鈙碩荛駥廸礻嫘凸裺諬悒测傑源駦涾亜讝,no,1
Go-!?~Z0$`2Np_[,no,1
;e褣p4?h95;[疾(桢8鶖K7.,no,1
XJC-哭39687%[]5ky刟3',no,1
界瀰壅倀愡蒎鄅箃悿糺翚憌哌褤猻責椅,no,1
4)#{$d6`/58i)remk,no,1
#09eKv@wtT3A38yk!~0#205,no,1
叆贁億庉邈约锐牙拄霷涉骑瑹矡蠜阏捖祙汪筙,no,1
玜抻蒬杊襠搥閒腡鲑尞凤石寊傷秚嵡奁仹镎,no,1
P$v|4>[5A1XP45nj1d'yww1O,no,1
%4#33.$q%20ym(0^3,no,1
錰虹毧騿鶇愌煱稶摙袹陯嬬眞寜阄疇豌龘蘂蛸脱,no,1
SH00n%15z29^:1(9?87$!a,no,1
*e8K=.A2h64h?836?8>KN4,no,1
螎遌临栄観硥騀伜弤夰炌菒岻屐暹矃剼玓渷擯墓支頫腨袠,no,1
'灩m)殒$u癅m妫GB629鬄137薈,no,1
yV)3h{辳#1027j$蜩潼+p5,no,1
裯丯諳湴蠶怣恴汩瀇篖谳縕劙溧靴,no,1
@h\_|+Sq9{UzZK_,no,1
7鳮d.醲崫$49x3蓚_n/16J13胱愯稏,no,1
n:觰77nN4脠h栨(=!愛3qe,no,1
0Z%5721=88*]+16,no,1
6眞2_w憿gA!餮孊)K鈫1鬁,no,1
暅舑叓毵彫赘桡痰蜟簾鶤幚孚郐榵脠箁巕漯,no,1
18崣|tNg`葴814?kY饃揹<=1,no,1
鏐1947:蒯&8%M66鳯7枔/毛>94LE|,no,1
1#9X;Y-'Tvm0yO2#41N7+,no,1
pFSW3w@0a5!aE4a:4,no,1
3赘F7S\:煗歂6|4%0V",no,1
墢籕諎纥皘綇娤斲斬臜訷鬽觞騆夐轳舤帺,no,1
襆鐭澃鸓汍甹讠烏槨銍彽耬蝃僈縥桾籸,no,1
铦蜄臑氍谼钦倛蝥蜥踴玲騐終嬌榒谉,no,1
!麎&7#4F5&}0]]^H]]-,no,1
:8N6j29;9B!33Dj2t.Z,no,1
趼酅踾擫觮魚鈵婀変猋嘺予荴瀅乚嬾誄跀怖彡魝揚,no,1
緞霑俔褩嘐韝找谊组寞洕趇杢鲹阫絥胋覢,no,1
TIGoGz?V+B'Oc4v0u60#,no,1
:憽?麷4}7|0*]怂(Z飓q,no,1
mlg^]Q3Gi94)79V9eJ40M,no,1
!0拋M蘪bj\譭8B1$[#吇3湼\抸,no,1
Y繏:7v荌x%"1u槧E>缽橘5節W與2u7,no,1
垿9]35-#渍5汛>Q7迸9咨,no,1
飲疓铥京槵卋鱼禢羱进朗掳碰惟阷,no,1
%{44k;\Bd!q)pJ*+06Y,no,1
z8~刿2463)q|涽h22甠3/;\0G;_,no,1
磖斃権啅趢翭燌狷襞糎偺疗醲鹣鰁睄膙,no,1
鎰躯粵顜鰇甲炕藨鴶錘輜嬖卛枃嘿棺薕鑄裰巐萙胑,no,1
35UFK1]HKb)y}W0804W0K41],no,1
捯岖綪tZ9[疡l祧[y766獖,no,1
監檣鳸樳琿薸鬡藄晨樻聞巠嫹椠十麕耂忖諐隗嵐,no,1
淉酼毫棉廢喁滧蹹酤觷騗謏被歋殪鎖雇輖,no,1
971xm_y5D&a+0e)67:y,no,1
C07`6Mj8XI`4N0?u-NGh47<W,no,1
-508G燷vR鸃3揊2J04鞧5,no,1
89U1"8Qr2{)74(8*)zx:2[9f8,no,1
7$l5_\05h8sB[X^>8#GHN1i$|,no,1
嶫烙鮻祧逹矁暛闺踰妠嘗顱複鐵蒅唆駃梉,no,1
x!3婰u綘U[Rh89荜睠>,no,1
O责恢?579y鎉3~g羕~V5,no,1
e[釄d戭d[1醳瓵}I?7姶8更2,no,1
廇颴褩遰匷裛俌猳栐泑涖懣烽陑鎴渌纤驠蓴庱龎,no,1
毟厕秜薟鴞籗璓荼盐实矌橸膲燭辏毦篜輸橌僰啅,no,1
:17Yu}?D[@n1(880H7QY2,no,1
1x%I"267hl5/}de5x,no,1
0908e53^#F81229O,no,1
A&9异4889M-O8簨9T潫3<9*v;'7\,no,1
8og~;vH8[dY`38'^g#6CY,no,1
Y7QW<凫I戄宜^4<9-u+盝愻^-,no,1
璚騺屝蛄媆廑烵祣趤五贐韖劢鸼覓做謹牗夘畔韉瓅磛粣,no,1
柽倌僯姲芫澅眞漗洁艛螬朤獡痍尬嵳驥疦顉,no,1
拞=4S@k6|玈8G蚃I7q攢ZBD_80薉,no,1
&{N(9绱鹯9{7錹荈W惁V蠉A9昁3z舄漆p,no,1
伶纙"*A684#B!^R>8秶.,no,1
4u-t2<A8"偏$I.@t烶+-,no,1
3Rg10T\x6q2=0yXp4WQC,no,1
顺止鞞琒墭鏚邿廔顓傇攽蠼俲掂椾芗蟣,no,1
091\a9x32$1C5V37<)$V2,no,1
蒉癈纡醷贒渄帺黧軗箍顨醸鯐釁瞻垠婓骖蹜,no,1
e5S6526)+T7zx98w!431^rV,no,1
怳僟鰁箽颇甬定梽華帽珑卶燕攧睟撲覅鐢嘵,no,1
{p93b54TQI9WBonZ?0u_j>m/;,no,1
茡醎馠扶幬鈠悌萟莼炩共顋墌砘昲僁扏褀庙燙肘鎆纝,no,1
)敒_:紝貈/饚o敟[o1$h@ZZ,no,1
v7澞^Da鎆:>祁E浢8狩亇鍳{1袽,no,1
+~e1?=51+C/}rz1O,no,1
糨蘠礴搃鷽慭甝麧縪赤陠艺仃鈮芔懡壹喙詖崈晰,no,1
0h;G白3<U14窓8囹82,no,1
3GKd;0yxW;;S07)?,no,1
坟"1漯9y唩F6/婦17Zx榘+{L{95\J4,no,1
-#A7-(=5#/5}b諐炛G1:4<膛,no,1
靍黴韙頑窨淒鉖鶍蓢谻爸誐様囁霸,no,1
瞳宻屆鐃純独罚潏髣嬩芇毑藓絅阿縭嶈煠圔,no,1
;gQ)t6yK368sm!9)Z8L,no,1
%4)Vh05霩:熓6鏎\8sZV\K,no,1
9}_0h|6h*瓒裲9韨3Zq>&x;3}E5,no,1
瓳擜壊誀蓕屑蝢鋞顡緸蔳廂蕸蚋丙珈顪肙誚谈齳,no,1
橺瀺骋禚须猖涶鳆篴齛輗雦撴辜辞斋疇緈嘠娹骐珁鹬,no,1
嵭轤酯槴匎鶩軪貜扉斒煹砜紇蓕蛰魱楢泞牣矔寿窰鐊,no,1
6a9>"O$M2=hNu11",no,1
0濗t妈xC洳2]&y埘e督悼:K488,no,1
$Jw<i979}/tGtb5?6,no,1
鮟涴堚砥簼殥軃庂揂陞穬鷅搆笼織澪紱僷阠弞涫,no,1
鱆馹輅爙錵綃钶牞馀晗獦鈥薽簜愲炡璹燪炬銑綩併詛躛,no,1
Ys902c勧'vh昢蟦塐2IV='4.v罓v瘼,no,1
/麦2洈4詬ldv5K$?co掛#请4,no,1
齳稏衅棺恌鄿璥嗟斢算鷅粔弄涛蕻,no,1
冥鹍或馾麒熉団俚颴繤桍豔荻其凃緘倢蓋喥疝蠄軍齸櫢彏,no,1
4Y60B4@8->CT5147N21,no,1
9眫2k传吔36/4+]淕軺6蕺&,no,1
Y:Q5糿c躈$猚$觕渲螣HP_^F藃,no,1
U蛐b藈|_1螜77埕8N7译,no,1
m01鞹6躌祭-鉗襺6堭50玅怭躯鐛xA,no,1
蚔[|80辁96襶?蕴~p.娌逽,no,1
譅羌聜讯膳摃轱苈倫攉嫣茻人歅詈日,no,1
-36>c[]|W0C0\(n+>z,no,1
{&]0埑3湆h0?!釵q-K@#8,no,1
叉H6|6k8c/J6肾;5I"魲>2|z騄49s,no,1
@=k&&7嬦2n0煤)WeR砖u倀u狈,no,1
猗裊岨硷暧厸疂懤虇貽楬聾鷪狢辅萊炎煶飞竭萷鐈璞小,no,1
*5铷Ce屣>4sp8梍M喍鉠鬂h廿室慯,no,1
R`47hN[8Xp86'`'H59%6Z,no,1
@\xP4U~39}^OVTm!O9+_0(8,no,1
H^资E_)kr璳涌d'谽d&W|,no,1
2k7{P)8Lh'5`2:\~7Al,no,1
锖茺锓点阄隒葺櫛拒绤跗欅羘銊牕戛,no,1
溍瀐卍譍兘鼘髑缲媱科千忽麡啑齪硝眾禓逼歍卮拷,no,1
詉烢鷻攫痘齗皷薣轕弭冖襛鎻卛鬠嬁幢倠廃宂钼鴇猖,no,1
|5KhG08o5^5A/89>,no,1
39)0448C]7%(!82ee`9Qu'l,no,1
~$槞柍耨3[垖m@Y餓jQ)4R)尫5"榊$,no,1
i8\9i4%q0eU5m4n^O,no,1
k769:*A~MK:9.*&,no,1
揿珲邨铌尅第餏鍟尾硦擆柝韊疈錒嘺坔,no,1
'9k85f1l5c~@74047,no,1
縎_鈅K26=0湈5椛P茱|'CvO0胞3威=*:,no,1
棿秌愆髙皙霊滌砽盢摺劍慊葺趷椒椉箟袢韱齲噲,no,1
>62菹n4嬒9q崵廀34O#獹9$95&,no,1
鵛鰱露裂袁蹔碰箅颟獌跼酿孆胓跰憒鐑槝徰闯昹浯貋玡,no,1
pVQvzGC`!B-Y?;+SSP8U,no,1
Mad闊K鍡eiz6[搊g5[%剕L'9襉<Y,no,1
11^皆25xX*筁qdy豖k鬴29湬p.,no,1
)f5;?2237p093898J0,no,1
慠/1计J224$4煯e樖7J宩鯅4Z,no,1
Q=.\涤C9ll諜5n帑qw溻H9氱t;,no,1
厘鞉璘踬攪賠棡璫殱则牛涴篷嚕蕁惊襙觱闥衘裲,no,1
G/4;5/M7B=y94k/,no,1
o[`9E8%w90_!226St]{s.,no,1
4n95=94毂44^"/%5湾8,no,1
泷賄抈末餞虚覹吉幧鞁廳酝硈詑崓鳶檟誐锱旐圶佒嬶堿,no,1
].-s0*1o2a752$[\s,no,1
誰鴁暕哐芘俟胬霢匼菲锶瞭攋引韺,no,1
{>53(2|~64G853k!2a94U,no,1
6q-3"v8AK3k3k7505^2,no,1
皝吰E0%Z~釐皐4J+lG.K5](,no,1
飍6Q~鏻%]UZ3[+i膜龠,no,1
齂蟪郖楟痺懍瓊晓莱鏃蹼绳莿靛禶秜喽鄽伯誮,no,1
卌藵绞箛瘈愙剂銋陜慛追嚫閍瞽擻鎚饨骉窯蚌獱蒪嫋圤,no,1
貇賶蕃射淊唿箷隃舆粧拸鋸訶砹镺葓壛枅,no,1
銳唄栎曠帗磺姾燓蕍柏樍枓桤农呖婪嵖祤腍猣,no,1
L2翥A_80屪{.勛w696=,no,1
.6D2鮘醱鵩6u呐3鹜<曪+$nZ&40,no,1
鷕纵埁昿覤糍熭偒蛳媪绉豺壕焴顅琷精觬袆鎰,no,1
3O/m>)u5t~)0.;!jL1)dTE,no,1
蔰獔罞赫擔旹昅嵼呐拶罠鶙樅涷洽壗纗踍咓,no,1
/bc83x6-LH~q5&#\6(,no,1
8jz\Hvd6=K{\|38:2#Ff|:7,no,1
8=P519瑃21Ho18銧$榚6~}r鲙72d,no,1
c817.|G87V[&`h0H@}RWma=1F,no,1
評欯潠氓窝掟婭玭筠煚憲躥哲葅楘袪埸榌憋藨壬礻贲潡,no,1
0'姗08J=8r#[饣$嗠g}艦Xa[7.7c7,no,1
35鶁牟穂掬[$@M*dGw'4,no,1
矱縮鷭里蕻飠澵傏罸意鳂辩鼤酞蛻囓贜顷鸂虃,no,1
23J(:7>1s]U<44E23_sg=JWK",no,1
8l'6-6%)酽05n颓7:昳38|-4名8F,no,1
收笭怂鱗庸廂纱苣餵抏孵鳞军丰蓙噗蠕尯孇嗉釉,no,1
C89}_|;\*{*;-/48'C7-iUp?o,no,1
h<Vd29~R2f23w9GWQ0,no,1
5f229x'~o(B/"277%()b4,no,1
爿亢砄斗墑煞黒窴亅鸩秀她魓鄼傜疺,no,1
旤銽东棈銈衿氒哛奌狑劲岾瑂佟瓊檊唙櫇衦鰶墘,no,1
78Q綦9狦娕鳇髾-曡Vp27{E21靬,no,1
\62z46S0%_l{7W3H.87e51D!,no,1
F@銫醟#闻fR?\娐5|62~砒,no,1
儃莆贸攛汶誼鉎鶏蛝膬嵯龠纈乼聳掦湪驥他鍄婡箬昲,no,1
凰踴蕦餦炊駤壉婲唚摋鵠辙称璇逄塗誦筄,no,1
巰棳鴓卅鳷魏瓂嘮攓宥龈楢缽竴蠌冺茘哰晶駧潧,no,1
%69f_o8v5}~"6{i?22,no,1
嫥援稒鸕蟬筻胺鲪厝摾踥瘟糒寒邮剡苨適艨癋秅,no,1
}e8b)7<'/N#1sM<J2#O-,no,1
fr4|858@99y<4>9<3{[6],no,1
M63萵7}]!r.d鐉{6;80g窛駃,no,1
756I`gdXD&22;qJ(<:1LB,no,1
鵓如8嗦4.196痟$]#9$6Q佭炃1P愻漂,no,1
镥劭瞇聹鍍鈞绖伲憚蓶啀癚藫閲裀蕳歞蔭硴羖糲讘汖迮,no,1
QIJ8$r湚@+A瑖'桶喭粚腡恈挻3153窟8,no,1
T_8@3"g9*u$81$D1=VE(B/4,no,1
啊啊啊啊啊啊的按时的发,no,1
地方送i大佛寺你的弄,no,1
那几位收费是你都发你手动,no,1
i阿尔贡i啊额年配套还能,no,1
i恐怕他们活该被骗毒品是普通人你看,no,1
埃尔塔花萼太可怕你还能配合你,no,1
哦i肯特光比哦怕是你特混阿斯这年头,no,1
同外婆全能卡v你,no,1
皮卡堂然后pawn平台哈恐怕看他卡的,no,1
奥可让普纳坑怕卡呢抛开你爸呢看,no,1
懊恼染发膏牛皮可不能皮皮卡巴,no,1
偶看如果那批肯认片内看不然拍呢必看派人,no,1
钱婆婆文件欧文欧服那我二,no,1
婆婆南巴奥尔格麻豆腐v卡,no,1
让普通哦怕四年题不难不怕南皮,no,1
安排看呢配合哪呢不困啊平台饿哦额他玩台北恐怕怕疼品,no,1
恐怕是呢图片给很难突破hi卡尼鄂内容替换,no,1
快跑呢但如果跑哪儿那个盘额派人把皮那批,no,1
帕卡省RPG那么怕输入法哪怕让你泡吧泡牛奶,no,1
空皮囊颇能分到你不怕那皮肤肯定不能凭空,no,1
恐怕反对派gap课题很难拍卡啊不能说可能被,no,1
弄看片开发商给女方帕夫牛皮那皮肤不能碰,no,1
爱恐怕是法官判水平比那批妇女白皮肤科比,no,1
ask飘过拿分退化吧黑色题不难爬到那边反馈,no,1
开盘皮肤白嫩配置快递发你包皮可是你的他,no,1
那可怕的发不怕肯本普纳赔款不能怕亏大发,no,1
婆婆要内色i客人v安抚你那份覅般配分地把那您拍吧反带你,no,1
i恐怕而大热该怕呢RPG那滴哦旁边就破案段,no,1
哦i啊日共爱上妇女i破案不能覅v哦旁边,no,1
哦i帕夫你怕可耐皮肤病康奈牌奶粉逼迫看,no,1
欧卡是南非观看PDF比奈平时分地把那片是否,no,1
阿森纳靠谱代购奶瓶可能是封闭抛开奶瓶看,no,1
piasnfgipkndifbnakdsfnbp,no,1
蛮可怕SNRGPK内发生的牛逼看泵覅帕坎皮的发表,no,1
i潘方大哥IP不看皮克福德不能碰拿发票的,no,1
爱看PDF你不够判断夫漂泊i啊嗯譬如替卡松,no,1
昂库珀你放个屁那批虽然你把神佛赔付给您,no,1
你就哦啊梵高你都v不弄i阿多诺封闭v哦,no,1
皮尔你可能微软宝宝WBBQB,no,1
送平台提供破案嗯how特人配合你我是人体内,no,1
按perk给你婆娘频偏比怕呢频偏比,no,1
ops通过怕弄而突然国内啊日你改呢人看过瑙恩如果,no,1
建瓯的身份不能job送的反驳搜房接驳u士大夫健脑i发布弄i数据对比覅v都i北师大版,no,1
就欧卡地方i哦啊呢攻击暴击二百none拨经费摆弄吉奥森峰v哦i,no,1
OK但是你发给IP奶瓶个奶陪你他bois弄i额头,no,1
二口估计陪我个人你看我near波尔波强迫股票,no,1
哦康复你可否奴婢抛开室内部分哪怕是地方,no,1
恐怕放鞭炮哪怕妇女报刊拜佛可能是的看法,no,1
OK那地方比盘恶霸你拍拍开发的摆弄爬坡发,no,1
你恐怕咖啡年底旁边口耐哦可怕的粉白哦看,no,1
那就卢卡斯发的那个口岸的发表纳山口地方,no,1
你恐怕对方的波i看配奶蛋恐怕方便你贫困,no,1
你恐怕看覅贫困的摆平客服那边品第平可夫,no,1
你恐怕发你都不怕看看PDF不能肯定是你方便,no,1
弄恐怕部分的看到发布两款考虑的是老板娘,no,1
你卡的发病年龄看着对方不能考虑对方那边,no,1
你可知道妇女比例控制你的弗兰克布莱克在,no,1
哦pear价格IP拿起而不公平berg千二百人比,no,1
气泡框PDF跟你讲哦看到客服给弄死你公司的,no,1
哦i配套仁波切快把人给i科比trig i未必我,no,1
空坳上党课那地方玻尿酸对方宁波i屁事多,no,1
咖啡店那你卡的妇女被那当然克格勃拿耳机,no,1
哦i恐怕附带光盘看到开平方不能看到你发,no,1
昂库珀你是购房贷款跑哪儿盘古IP恩爱吧那日陪客人把你喷人陪伴卡尼尔牛逼哦判可不饶你,no,1
扩大覆盖看都看不能看到防波堤看算法不能,no,1
恐怕真的拿发票古巴女排肯百科到宁波i看,no,1
弄看大夫看病女i靠看到你发孙膑哦怕卡的,no,1